nct_id,brief_title,lead_sponsor,overall_status,phase,_benefit_raw,_cost_raw,_safety_raw,_pool_score
NCT06760637,Study of PF-07220060 With Letrozole in Adults With HR-positive HER2-negative Breast Cancer Who Have Not Received Anticancer Treatment for Advanced/Metastatic Disease,Pfizer,RECRUITING,PHASE3,1.0,2.0,0.0,0.7448928726121198
NCT06713616,PCORI Comparative Effectiveness Study-Esketamine (Spravato) vs. Ketamine-Equivalence Study,Yale University,RECRUITING,PHASE3,1.0,2.0,0.0,0.7448928726121198
NCT06711887,Phase III Extension Study of Efficacy and Safety of Ianalumab With or Without Study Treatment Withdrawal in Participants With Lupus Nephritis (SIRIUS-LN Extension),Novartis Pharmaceuticals,RECRUITING,PHASE3,1.0,2.0,0.0,0.7448928726121198
NCT06706817,A Study to Investigate Changes in Symptoms in Adult Participants With Chronic Rhinosinusitis With Nasal Polyposis Initiating Treatment With Tezepelumab,AstraZeneca,RECRUITING,PHASE3,1.0,2.0,0.0,0.7448928726121198
NCT05674305,Radiotherapy Alone Versus Concurrent Chemo-radiotherapy for Nasopharyngeal Carcincoma Patients With Undectable EBV DNA After One Cylce Neoadjuvant Chemotherpy,Fudan University,RECRUITING,PHASE3,1.0,2.0,0.0,0.7448928726121198
NCT06703476,A Study of Surgical Techniques During Cystectomy,Memorial Sloan Kettering Cancer Center,RECRUITING,PHASE3,1.0,2.0,0.0,0.7448928726121198
NCT05675410,"A Study to Compare Standard Therapy to Treat Hodgkin Lymphoma to the Use of Two Drugs, Brentuximab Vedotin and Nivolumab",National Cancer Institute (NCI),RECRUITING,PHASE3,1.0,2.0,0.0,0.7448928726121198
NCT06701331,Safety and Efficacy of Upadacitinib in Combination With Topical Corticosteroids in Children From 2 to Less Than 12 Years of Age in Japan With Moderate to Severe Atopic Dermatitis,AbbVie,RECRUITING,PHASE3,1.0,2.0,0.0,0.7448928726121198
NCT05677451,"24 Weeks Double-blind Randomized Placebo-controlled Trial to Evaluate Efficacy, PK, Safety of LOU064 in Adolescents (12 - <18) With CSU and Inadequate Response to H1-antihistamine Followed by Optional 3 Years Open-label Extension and an Optional 3 Years Safety Long-term Treatment-free Follow-up",Novartis Pharmaceuticals,RECRUITING,PHASE3,1.0,2.0,0.0,0.7448928726121198
NCT06698796,A Study to Understand How the Study Medicine Dazukibart Works in People With Idiopathic Inflammatory Myopathies,Pfizer,RECRUITING,PHASE3,1.0,2.0,0.0,0.7448928726121198
NCT06698042,A Clinical Study of Pembrolizumab (+) Berahyaluronidase Alfa (MK-3475A) to Treat Newly-diagnosed Metastatic Non-small Cell Lung Cancer (MK-3475A-F84),Merck Sharp & Dohme LLC,RECRUITING,PHASE3,1.0,2.0,0.0,0.7448928726121198
NCT05689879,Evaluation of TNF-alpha Antagonists (Infliximab) Withdrawal in Sarcoidosis,Assistance Publique - Hôpitaux de Paris,RECRUITING,PHASE3,1.0,2.0,0.0,0.7448928726121198
NCT05692180,"A Multicentre, Randomised, Double-blind, Parallel Group, Placebo-controlled, Time-to-first Asthma Exacerbation Phase III Efficacy and Safety Study of Benralizumab in Paediatric Patients With Severe Eosinophilic Asthma (DOMINICA)",AstraZeneca,RECRUITING,PHASE3,1.0,2.0,0.0,0.7448928726121198
NCT05696093,Efficacy of Cotrimoxazole as a De-escalation Treatment of Ventilator-Associated Pneumonia in Intensive Care Unit,Assistance Publique - Hôpitaux de Paris,RECRUITING,PHASE3,1.0,2.0,0.0,0.7448928726121198
NCT06693674,Effect of Sacubitril-Valsartan on Cardiac Structure and Function,Mayo Clinic,RECRUITING,PHASE3,1.0,2.0,0.0,0.7448928726121198
NCT06692738,A Global Phase III Study of Rilvegostomig or Pembrolizumab Plus Chemotherapy for First-Line Treatment of Metastatic Squamous Non-small Cell Lung Cancer (NSCLC),AstraZeneca,RECRUITING,PHASE3,1.0,2.0,0.0,0.7448928726121198
NCT06691893,Evaluating the Efficacy of RELiZORB in Managing Exocrine Pancreatic Insufficiency in Tube-fed Pancreatitis Patients,Massachusetts General Hospital,RECRUITING,PHASE3,1.0,2.0,0.0,0.7448928726121198
NCT06687980,A Study to Investigate Improvement in Pruritus of Lichen Simplex Chronicus With Dupilumab Injections Compared With Placebo in Male and Female Participants Aged at Least 18 Years (STYLE 2),Sanofi,RECRUITING,PHASE3,1.0,2.0,0.0,0.7448928726121198
NCT06687967,A Study to Investigate Improvement in Pruritus of Lichen Simplex Chronicus With Dupilumab Injections Compared With Placebo in Male and Female Participants Aged at Least 18 Years (STYLE 1),Sanofi,RECRUITING,PHASE3,1.0,2.0,0.0,0.7448928726121198
NCT05711394,A Study to Assess the Adverse Events and Change in Disease Activity of Oral Atogepant Tablets in Pediatric Participants (6-17 Years of Age) With Episodic Migraine,AbbVie,RECRUITING,PHASE3,1.0,2.0,0.0,0.7448928726121198
NCT05715814,meChANisms and sAfety of SGLT2 Inhibition in peRitoneal dialYsis,"University Health Network, Toronto",RECRUITING,PHASE3,1.0,2.0,0.0,0.7448928726121198
NCT05717803,Segmentectomy for Ground Glass-dominant Invasive Lung Cancer (ECTOP-1012),Fudan University,RECRUITING,PHASE3,1.0,2.0,0.0,0.7448928726121198
NCT05723198,A Study of Baricitinib (LY3009104) in Children From 6 Years to Less Than 18 Years of Age With Alopecia Areata,Eli Lilly and Company,RECRUITING,PHASE3,1.0,2.0,0.0,0.7448928726121198
NCT06712888,Toripalimab Vs. Placebo Wtih GP Induction Chemotherapy in Locoregionally Advanced Nasopharyngeal Carcinoma,Sun Yat-sen University,RECRUITING,PHASE3,1.0,2.0,0.0,0.7448928726121198
NCT06717347,"A Study to Evaluate Zilovertamab Vedotin (MK-2140) Combination With Rituximab Plus Cyclophosphamide, Doxorubicin, and Prednisone (R-CHP) Versus Rituximab Plus Cyclophosphamide, Doxorubicin, Vincristine, and Prednisone (R-CHOP) in Participants With Previously Untreated DLBCL (MK-2140-010)",Merck Sharp & Dohme LLC,RECRUITING,PHASE3,1.0,2.0,0.0,0.7448928726121198
NCT06679140,A Study to Learn About a Study Medicine Called Ibuzatrelvir in Adult and Adolescent Patients With COVID-19 Who Are Not Hospitalized But Are at Risk For Severe Disease,Pfizer,RECRUITING,PHASE3,1.0,2.0,0.0,0.7448928726121198
NCT06726421,Systemic Therapy Alone or with Stereotactic Body Radiotherapy for Oligometastatic Kidney Cancer (STROKER Study),Sun Yat-sen University,RECRUITING,PHASE3,1.0,2.0,0.0,0.7448928726121198
NCT05582265,Tislelizumab Combined With Chemotherapy Followed by Surgery Versus Up-front Surgery in Resectable Head and Neck Squamous Cell Carcinoma (REDUCTION-I),Sun Yat-Sen Memorial Hospital of Sun Yat-Sen University,RECRUITING,PHASE3,1.0,2.0,0.0,0.7448928726121198
NCT06749899,QL1706 (PD-1/CTLA-4 Bi-specific Antibody) and Chemoradiotherapy in Locoregionally-advanced Nasopharyngeal Carcinoma.,Sun Yat-sen University,RECRUITING,PHASE3,1.0,2.0,0.0,0.7448928726121198
NCT06749834,Intravenous Thrombolysis and NOAC,"Second Affiliated Hospital, School of Medicine, Zhejiang University",RECRUITING,PHASE3,1.0,2.0,0.0,0.7448928726121198
NCT06744920,"A Study to Investigate the Efficacy, Safety and Tolerability of Remibrutinib Versus Placebo in Adult Patients With Generalized Myasthenia Gravis",Novartis Pharmaceuticals,RECRUITING,PHASE3,1.0,2.0,0.0,0.7448928726121198
NCT06744504,Standard-dose vs Intermediate-dose Cytarabine Induction in the Treatment of Acute Myeloid Leukemia With RUNX1-RUNX1T1,"Institute of Hematology & Blood Diseases Hospital, China",RECRUITING,PHASE3,1.0,2.0,0.0,0.7448928726121198
NCT06742723,A Phase III Renal Outcomes and Cardiovascular Mortality Study to Investigate the Efficacy and Safety of Baxdrostat in Combination With Dapagliflozin in Participants With Chronic Kidney Disease and High Blood Pressure,AstraZeneca,RECRUITING,PHASE3,1.0,2.0,0.0,0.7448928726121198
NCT05595642,A Study to Evaluate Astegolimab in Participants With Chronic Obstructive Pulmonary Disease,Hoffmann-La Roche,RECRUITING,PHASE3,1.0,2.0,0.0,0.7448928726121198
NCT05597540,"Efficacy of 7 Days Versus 14 Days of Antibiotic Therapy for Acute Pyelonephritis in Kidney Transplant Recipients, a Multicentre Randomized Non-inferiority Trial.",Assistance Publique - Hôpitaux de Paris,RECRUITING,PHASE3,1.0,2.0,0.0,0.7448928726121198
NCT05600491,A Phase III Study of Postoperative Early Temozolomide Treatment Plus STUPP Regimen for Newly Diagnosed GBM Multiforme,Sun Yat-sen University,RECRUITING,PHASE3,1.0,2.0,0.0,0.7448928726121198
NCT06739122,A Study of Dulaglutide (LY2189265) 3.0 mg and 4.5 mg in Pediatric Participants With Type 2 Diabetes Mellitus (AWARD-PEDS PLUS),Eli Lilly and Company,RECRUITING,PHASE3,1.0,2.0,0.0,0.7448928726121198
NCT05609630,"Study of Oral Upadacitinib and Subcutaneous/Intravenous Tocilizumab to Evaluate Change in Disease Activity, Adverse Events and How Drug Moves Through the Body of Pediatric and Adolescent Participants With Active Systemic Juvenile Idiopathic Arthritis.",AbbVie,RECRUITING,PHASE3,1.0,2.0,0.0,0.7448928726121198
NCT05609968,Study of Pembrolizumab (MK-3475) Monotherapy Versus Sacituzumab Govitecan in Combination With Pembrolizumab for Participants With Metastatic Non-small Cell Lung Cancer (NSCLC) With Programmed Cell Death Ligand 1 (PD-L1) Tumor Proportion Score (TPS) ≥50% (MK-3475-D46),Merck Sharp & Dohme LLC,RECRUITING,PHASE3,1.0,2.0,0.0,0.7448928726121198
NCT05611801,A Clinical Trial of Study Medicine (Marstacimab) in Pediatric Patients With Hemophilia A or Hemophilia B,Pfizer,RECRUITING,PHASE3,1.0,2.0,0.0,0.7448928726121198
NCT06734702,Neoadjuvant Immunotherapy Plus Chemotherapy Followed by Concurrent Chemoradiotherapy and Consolidative Immunotherapy for Locally Advanced Non-small Cell Lung Cancer,Sun Yat-sen University,RECRUITING,PHASE3,1.0,2.0,0.0,0.7448928726121198
NCT05623020,"A Study to Learn About the Effects of the Combination of Elranatamab (PF-06863135), Daratumumab, Lenalidomide or Elranatamab and Lenalidomide Compared With Daratumumab, Lenalidomide, and Dexamethasone in Patients With Newly Diagnosed Multiple Myeloma Who Are Not Candidates for Transplant",Pfizer,RECRUITING,PHASE3,1.0,2.0,0.0,0.7448928726121198
NCT05624450,Efficacy and Safety of Tozorakimab in Patients Hospitalised for Viral Lung Infection Requiring Supplemental Oxygen,AstraZeneca,RECRUITING,PHASE3,1.0,2.0,0.0,0.7448928726121198
NCT05624749,Phase 3 Study to Evaluate Ianalumab on Top of Standard-of-care Therapy in Patients With Systemic Lupus Erythematosus (SIRIUS-SLE 2),Novartis Pharmaceuticals,RECRUITING,PHASE3,1.0,2.0,0.0,0.7448928726121198
NCT06734351,A Study to Assess Safety and Effectiveness of Injections of NOA VOLUME Injectable Gel in Adult Participants Compared to JUVÉDERM VOLUMA XC for Change of Mid-Face Volume,AbbVie,RECRUITING,PHASE3,1.0,2.0,0.0,0.7448928726121198
NCT06732401,Testing the Addition of AZD6738 (Ceralasertib) to Immunotherapy to Increase Time Without Cancer for Patients With Non-Small Cell Lung Cancer,National Cancer Institute (NCI),RECRUITING,PHASE3,1.0,2.0,0.0,0.7448928726121198
NCT05639114,Phase 3 Study to Evaluate Two Regimens of Ianalumab on Top of Standard-of-care Therapy in Patients With Systemic Lupus Erythematosus (SIRIUS-SLE 1),Novartis Pharmaceuticals,RECRUITING,PHASE3,1.0,2.0,0.0,0.7448928726121198
NCT05648968,A Study of Efficacy and Safety of Ianalumab in Previously Treated Patients With Warm Autoimmune Hemolytic Anemia,Novartis Pharmaceuticals,RECRUITING,PHASE3,1.0,2.0,0.0,0.7448928726121198
NCT05726916,Eculizumab in Hypertensive Emergency-associated Hemolytic Uremic Syndrome,Assistance Publique - Hôpitaux de Paris,RECRUITING,PHASE3,1.0,2.0,0.0,0.7448928726121198
NCT05737563,PD-1 Antibody Combined With mXELIRI Versus mXELIRI in the Second-line Setting for ESCC,Sun Yat-sen University,RECRUITING,PHASE3,1.0,2.0,0.0,0.7448928726121198
NCT05577988,Assessment of an Early De-Escalation to a Low-potency Single Antiplatelet Therapy Guided by Genetics Versus a Systematic High-Potency Single Antiplatelet Therapy to Neutralize Bleeding Complications in Patients With High Bleeding Risk Beyond One Month After an Acute Coronary Syndrome,Assistance Publique - Hôpitaux de Paris,RECRUITING,PHASE3,1.0,2.0,0.0,0.7448928726121198
NCT05784246,A Study of Mirikizumab (LY3074828) in Pediatric Participants With Moderately to Severely or Active Ulcerative Colitis,Eli Lilly and Company,RECRUITING,PHASE3,1.0,2.0,0.0,0.7448928726121198
NCT05794971,Regorafenib Combined With Irinotecan Drug-Eluting Beads for Colorectal Cancer Liver Metastases,Sun Yat-sen University,RECRUITING,PHASE3,1.0,2.0,0.0,0.7448928726121198
NCT05795140,"Evaluate Long-term Safety, Tolerability and Efficacy of Iptacopan in Study Participants With aHUS",Novartis Pharmaceuticals,RECRUITING,PHASE3,1.0,2.0,0.0,0.7448928726121198
NCT05797610,A Study to Evaluate the Efficacy and Safety of Sefaxersen (RO7434656) in Participants With Primary Immunoglobulin A (IgA) Nephropathy at High Risk of Progression,Hoffmann-La Roche,RECRUITING,PHASE3,1.0,2.0,0.0,0.7448928726121198
NCT05806060,Precise Treatment for BLIS Subtype of TNBC in the First-line Treatment of Locally Advanced or Metastatic Breast Cancer,Fudan University,RECRUITING,PHASE3,1.0,2.0,0.0,0.7448928726121198
NCT06641635,Moderated Hypofractionated Online Adaptive Radiotherapy in Cervical Cancer,Peking Union Medical College Hospital,RECRUITING,PHASE3,1.0,2.0,0.0,0.7448928726121198
NCT05823311,"Lenvatinib, Tislelizumab Combined with Gemcitabine and Cisplatin (GPLET) in the Treatment of Advanced Cholangiocarcinoma","Second Affiliated Hospital, School of Medicine, Zhejiang University",RECRUITING,PHASE3,1.0,2.0,0.0,0.7448928726121198
NCT06641466,A Study to Learn About the Study Medicine Called Rimegepant in Women When Used for Intermittent Prevention of Menstrual Migraine,Pfizer,RECRUITING,PHASE3,1.0,2.0,0.0,0.7448928726121198
NCT05827081,Phase IIIb Study of Ribociclib + ET in Early Breast Cancer,Novartis Pharmaceuticals,RECRUITING,PHASE3,1.0,2.0,0.0,0.7448928726121198
