nct_id,lead_sponsor_norm,region_label,benefit_score,estimated_trial_cost,enrollment_feasibility_score,brief_title,overall_status,phase,_benefit_raw,_cost_raw,_safety_raw,_pool_score,_rank_score,_sponsor_count
NCT06744504,"Institute of Hematology & Blood Diseases Hospital, China",UNKNOWN,1.0,2.0,1.0,Standard-dose vs Intermediate-dose Cytarabine Induction in the Treatment of Acute Myeloid Leukemia With RUNX1-RUNX1T1,RECRUITING,PHASE3,1.0,2.0,0.0,0.7448928726121198,0.2023472277418049,1
NCT06713616,Yale University,UNKNOWN,1.0,2.0,1.0,PCORI Comparative Effectiveness Study-Esketamine (Spravato) vs. Ketamine-Equivalence Study,RECRUITING,PHASE3,1.0,2.0,0.0,0.7448928726121198,0.2023472277418049,1
NCT06691893,Massachusetts General Hospital,UNKNOWN,1.0,2.0,1.0,Evaluating the Efficacy of RELiZORB in Managing Exocrine Pancreatic Insufficiency in Tube-fed Pancreatitis Patients,RECRUITING,PHASE3,1.0,2.0,0.0,0.7448928726121198,0.2023472277418049,1
NCT06693674,Mayo Clinic,UNKNOWN,1.0,2.0,1.0,Effect of Sacubitril-Valsartan on Cardiac Structure and Function,RECRUITING,PHASE3,1.0,2.0,0.0,0.7448928726121198,0.2023472277418049,1
NCT05582265,Sun Yat-Sen Memorial Hospital of Sun Yat-Sen University,UNKNOWN,1.0,2.0,1.0,Tislelizumab Combined With Chemotherapy Followed by Surgery Versus Up-front Surgery in Resectable Head and Neck Squamous Cell Carcinoma (REDUCTION-I),RECRUITING,PHASE3,1.0,2.0,0.0,0.7448928726121198,0.2023472277418049,1
NCT05715814,"University Health Network, Toronto",UNKNOWN,1.0,2.0,1.0,meChANisms and sAfety of SGLT2 Inhibition in peRitoneal dialYsis,RECRUITING,PHASE3,1.0,2.0,0.0,0.7448928726121198,0.2023472277418049,1
NCT06703476,Memorial Sloan Kettering Cancer Center,UNKNOWN,1.0,2.0,1.0,A Study of Surgical Techniques During Cystectomy,RECRUITING,PHASE3,1.0,2.0,0.0,0.7448928726121198,0.2023472277418049,1
NCT06641635,Peking Union Medical College Hospital,UNKNOWN,1.0,2.0,1.0,Moderated Hypofractionated Online Adaptive Radiotherapy in Cervical Cancer,RECRUITING,PHASE3,1.0,2.0,0.0,0.7448928726121198,0.2023472277418049,1
NCT05675410,National Cancer Institute (NCI),UNKNOWN,1.0,2.0,1.0,"A Study to Compare Standard Therapy to Treat Hodgkin Lymphoma to the Use of Two Drugs, Brentuximab Vedotin and Nivolumab",RECRUITING,PHASE3,1.0,2.0,0.0,0.7448928726121198,0.15176042080635369,2
NCT05823311,"Second Affiliated Hospital, School of Medicine, Zhejiang University",UNKNOWN,1.0,2.0,1.0,"Lenvatinib, Tislelizumab Combined with Gemcitabine and Cisplatin (GPLET) in the Treatment of Advanced Cholangiocarcinoma",RECRUITING,PHASE3,1.0,2.0,0.0,0.7448928726121198,0.15176042080635369,2
NCT05595642,Hoffmann-La Roche,UNKNOWN,1.0,2.0,1.0,A Study to Evaluate Astegolimab in Participants With Chronic Obstructive Pulmonary Disease,RECRUITING,PHASE3,1.0,2.0,0.0,0.7448928726121198,0.15176042080635369,2
NCT06749834,"Second Affiliated Hospital, School of Medicine, Zhejiang University",UNKNOWN,1.0,2.0,1.0,Intravenous Thrombolysis and NOAC,RECRUITING,PHASE3,1.0,2.0,0.0,0.7448928726121198,0.15176042080635369,2
NCT05797610,Hoffmann-La Roche,UNKNOWN,1.0,2.0,1.0,A Study to Evaluate the Efficacy and Safety of Sefaxersen (RO7434656) in Participants With Primary Immunoglobulin A (IgA) Nephropathy at High Risk of Progression,RECRUITING,PHASE3,1.0,2.0,0.0,0.7448928726121198,0.15176042080635369,2
NCT06687980,Sanofi,UNKNOWN,1.0,2.0,1.0,A Study to Investigate Improvement in Pruritus of Lichen Simplex Chronicus With Dupilumab Injections Compared With Placebo in Male and Female Participants Aged at Least 18 Years (STYLE 2),RECRUITING,PHASE3,1.0,2.0,0.0,0.7448928726121198,0.15176042080635369,2
NCT06687967,Sanofi,UNKNOWN,1.0,2.0,1.0,A Study to Investigate Improvement in Pruritus of Lichen Simplex Chronicus With Dupilumab Injections Compared With Placebo in Male and Female Participants Aged at Least 18 Years (STYLE 1),RECRUITING,PHASE3,1.0,2.0,0.0,0.7448928726121198,0.15176042080635369,2
NCT06732401,National Cancer Institute (NCI),UNKNOWN,1.0,2.0,1.0,Testing the Addition of AZD6738 (Ceralasertib) to Immunotherapy to Increase Time Without Cancer for Patients With Non-Small Cell Lung Cancer,RECRUITING,PHASE3,1.0,2.0,0.0,0.7448928726121198,0.15176042080635369,2
NCT06739122,Eli Lilly and Company,UNKNOWN,1.0,2.0,1.0,A Study of Dulaglutide (LY2189265) 3.0 mg and 4.5 mg in Pediatric Participants With Type 2 Diabetes Mellitus (AWARD-PEDS PLUS),RECRUITING,PHASE3,1.0,2.0,0.0,0.7448928726121198,0.10117361387090246,3
NCT05723198,Eli Lilly and Company,UNKNOWN,1.0,2.0,1.0,A Study of Baricitinib (LY3009104) in Children From 6 Years to Less Than 18 Years of Age With Alopecia Areata,RECRUITING,PHASE3,1.0,2.0,0.0,0.7448928726121198,0.10117361387090246,3
NCT05609968,Merck Sharp & Dohme LLC,UNKNOWN,1.0,2.0,1.0,Study of Pembrolizumab (MK-3475) Monotherapy Versus Sacituzumab Govitecan in Combination With Pembrolizumab for Participants With Metastatic Non-small Cell Lung Cancer (NSCLC) With Programmed Cell Death Ligand 1 (PD-L1) Tumor Proportion Score (TPS) ≥50% (MK-3475-D46),RECRUITING,PHASE3,1.0,2.0,0.0,0.7448928726121198,0.10117361387090246,3
NCT06717347,Merck Sharp & Dohme LLC,UNKNOWN,1.0,2.0,1.0,"A Study to Evaluate Zilovertamab Vedotin (MK-2140) Combination With Rituximab Plus Cyclophosphamide, Doxorubicin, and Prednisone (R-CHP) Versus Rituximab Plus Cyclophosphamide, Doxorubicin, Vincristine, and Prednisone (R-CHOP) in Participants With Previously Untreated DLBCL (MK-2140-010)",RECRUITING,PHASE3,1.0,2.0,0.0,0.7448928726121198,0.10117361387090246,3
NCT05806060,Fudan University,UNKNOWN,1.0,2.0,1.0,Precise Treatment for BLIS Subtype of TNBC in the First-line Treatment of Locally Advanced or Metastatic Breast Cancer,RECRUITING,PHASE3,1.0,2.0,0.0,0.7448928726121198,0.10117361387090246,3
NCT05784246,Eli Lilly and Company,UNKNOWN,1.0,2.0,1.0,A Study of Mirikizumab (LY3074828) in Pediatric Participants With Moderately to Severely or Active Ulcerative Colitis,RECRUITING,PHASE3,1.0,2.0,0.0,0.7448928726121198,0.10117361387090246,3
NCT05717803,Fudan University,UNKNOWN,1.0,2.0,1.0,Segmentectomy for Ground Glass-dominant Invasive Lung Cancer (ECTOP-1012),RECRUITING,PHASE3,1.0,2.0,0.0,0.7448928726121198,0.10117361387090246,3
NCT05674305,Fudan University,UNKNOWN,1.0,2.0,1.0,Radiotherapy Alone Versus Concurrent Chemo-radiotherapy for Nasopharyngeal Carcincoma Patients With Undectable EBV DNA After One Cylce Neoadjuvant Chemotherpy,RECRUITING,PHASE3,1.0,2.0,0.0,0.7448928726121198,0.10117361387090246,3
NCT06698042,Merck Sharp & Dohme LLC,UNKNOWN,1.0,2.0,1.0,A Clinical Study of Pembrolizumab (+) Berahyaluronidase Alfa (MK-3475A) to Treat Newly-diagnosed Metastatic Non-small Cell Lung Cancer (MK-3475A-F84),RECRUITING,PHASE3,1.0,2.0,0.0,0.7448928726121198,0.10117361387090246,3
NCT05711394,AbbVie,UNKNOWN,1.0,2.0,1.0,A Study to Assess the Adverse Events and Change in Disease Activity of Oral Atogepant Tablets in Pediatric Participants (6-17 Years of Age) With Episodic Migraine,RECRUITING,PHASE3,1.0,2.0,0.0,0.7448928726121198,0.05058680693545123,4
NCT06734351,AbbVie,UNKNOWN,1.0,2.0,1.0,A Study to Assess Safety and Effectiveness of Injections of NOA VOLUME Injectable Gel in Adult Participants Compared to JUVÉDERM VOLUMA XC for Change of Mid-Face Volume,RECRUITING,PHASE3,1.0,2.0,0.0,0.7448928726121198,0.05058680693545123,4
NCT05609630,AbbVie,UNKNOWN,1.0,2.0,1.0,"Study of Oral Upadacitinib and Subcutaneous/Intravenous Tocilizumab to Evaluate Change in Disease Activity, Adverse Events and How Drug Moves Through the Body of Pediatric and Adolescent Participants With Active Systemic Juvenile Idiopathic Arthritis.",RECRUITING,PHASE3,1.0,2.0,0.0,0.7448928726121198,0.05058680693545123,4
NCT06701331,AbbVie,UNKNOWN,1.0,2.0,1.0,Safety and Efficacy of Upadacitinib in Combination With Topical Corticosteroids in Children From 2 to Less Than 12 Years of Age in Japan With Moderate to Severe Atopic Dermatitis,RECRUITING,PHASE3,1.0,2.0,0.0,0.7448928726121198,0.05058680693545123,4
NCT05624450,AstraZeneca,UNKNOWN,1.0,2.0,1.0,Efficacy and Safety of Tozorakimab in Patients Hospitalised for Viral Lung Infection Requiring Supplemental Oxygen,RECRUITING,PHASE3,1.0,2.0,0.0,0.7448928726121198,0.0,5
NCT06706817,AstraZeneca,UNKNOWN,1.0,2.0,1.0,A Study to Investigate Changes in Symptoms in Adult Participants With Chronic Rhinosinusitis With Nasal Polyposis Initiating Treatment With Tezepelumab,RECRUITING,PHASE3,1.0,2.0,0.0,0.7448928726121198,0.0,5
NCT05726916,Assistance Publique - Hôpitaux de Paris,UNKNOWN,1.0,2.0,1.0,Eculizumab in Hypertensive Emergency-associated Hemolytic Uremic Syndrome,RECRUITING,PHASE3,1.0,2.0,0.0,0.7448928726121198,0.0,5
NCT05597540,Assistance Publique - Hôpitaux de Paris,UNKNOWN,1.0,2.0,1.0,"Efficacy of 7 Days Versus 14 Days of Antibiotic Therapy for Acute Pyelonephritis in Kidney Transplant Recipients, a Multicentre Randomized Non-inferiority Trial.",RECRUITING,PHASE3,1.0,2.0,0.0,0.7448928726121198,0.0,5
NCT06742723,AstraZeneca,UNKNOWN,1.0,2.0,1.0,A Phase III Renal Outcomes and Cardiovascular Mortality Study to Investigate the Efficacy and Safety of Baxdrostat in Combination With Dapagliflozin in Participants With Chronic Kidney Disease and High Blood Pressure,RECRUITING,PHASE3,1.0,2.0,0.0,0.7448928726121198,0.0,5
NCT05689879,Assistance Publique - Hôpitaux de Paris,UNKNOWN,1.0,2.0,1.0,Evaluation of TNF-alpha Antagonists (Infliximab) Withdrawal in Sarcoidosis,RECRUITING,PHASE3,1.0,2.0,0.0,0.7448928726121198,0.0,5
NCT05692180,AstraZeneca,UNKNOWN,1.0,2.0,1.0,"A Multicentre, Randomised, Double-blind, Parallel Group, Placebo-controlled, Time-to-first Asthma Exacerbation Phase III Efficacy and Safety Study of Benralizumab in Paediatric Patients With Severe Eosinophilic Asthma (DOMINICA)",RECRUITING,PHASE3,1.0,2.0,0.0,0.7448928726121198,0.0,5
NCT05696093,Assistance Publique - Hôpitaux de Paris,UNKNOWN,1.0,2.0,1.0,Efficacy of Cotrimoxazole as a De-escalation Treatment of Ventilator-Associated Pneumonia in Intensive Care Unit,RECRUITING,PHASE3,1.0,2.0,0.0,0.7448928726121198,0.0,5
NCT05577988,Assistance Publique - Hôpitaux de Paris,UNKNOWN,1.0,2.0,1.0,Assessment of an Early De-Escalation to a Low-potency Single Antiplatelet Therapy Guided by Genetics Versus a Systematic High-Potency Single Antiplatelet Therapy to Neutralize Bleeding Complications in Patients With High Bleeding Risk Beyond One Month After an Acute Coronary Syndrome,RECRUITING,PHASE3,1.0,2.0,0.0,0.7448928726121198,0.0,5
NCT06692738,AstraZeneca,UNKNOWN,1.0,2.0,1.0,A Global Phase III Study of Rilvegostomig or Pembrolizumab Plus Chemotherapy for First-Line Treatment of Metastatic Squamous Non-small Cell Lung Cancer (NSCLC),RECRUITING,PHASE3,1.0,2.0,0.0,0.7448928726121198,0.0,5
NCT06698796,Pfizer,UNKNOWN,1.0,2.0,1.0,A Study to Understand How the Study Medicine Dazukibart Works in People With Idiopathic Inflammatory Myopathies,RECRUITING,PHASE3,1.0,2.0,0.0,0.7448928726121198,-0.05058680693545123,6
NCT05611801,Pfizer,UNKNOWN,1.0,2.0,1.0,A Clinical Trial of Study Medicine (Marstacimab) in Pediatric Patients With Hemophilia A or Hemophilia B,RECRUITING,PHASE3,1.0,2.0,0.0,0.7448928726121198,-0.05058680693545123,6
NCT05623020,Pfizer,UNKNOWN,1.0,2.0,1.0,"A Study to Learn About the Effects of the Combination of Elranatamab (PF-06863135), Daratumumab, Lenalidomide or Elranatamab and Lenalidomide Compared With Daratumumab, Lenalidomide, and Dexamethasone in Patients With Newly Diagnosed Multiple Myeloma Who Are Not Candidates for Transplant",RECRUITING,PHASE3,1.0,2.0,0.0,0.7448928726121198,-0.05058680693545123,6
NCT06679140,Pfizer,UNKNOWN,1.0,2.0,1.0,A Study to Learn About a Study Medicine Called Ibuzatrelvir in Adult and Adolescent Patients With COVID-19 Who Are Not Hospitalized But Are at Risk For Severe Disease,RECRUITING,PHASE3,1.0,2.0,0.0,0.7448928726121198,-0.05058680693545123,6
NCT06641466,Pfizer,UNKNOWN,1.0,2.0,1.0,A Study to Learn About the Study Medicine Called Rimegepant in Women When Used for Intermittent Prevention of Menstrual Migraine,RECRUITING,PHASE3,1.0,2.0,0.0,0.7448928726121198,-0.05058680693545123,6
NCT06760637,Pfizer,UNKNOWN,1.0,2.0,1.0,Study of PF-07220060 With Letrozole in Adults With HR-positive HER2-negative Breast Cancer Who Have Not Received Anticancer Treatment for Advanced/Metastatic Disease,RECRUITING,PHASE3,1.0,2.0,0.0,0.7448928726121198,-0.05058680693545123,6
NCT05737563,Sun Yat-sen University,UNKNOWN,1.0,2.0,1.0,PD-1 Antibody Combined With mXELIRI Versus mXELIRI in the Second-line Setting for ESCC,RECRUITING,PHASE3,1.0,2.0,0.0,0.7448928726121198,-0.10117361387090246,7
NCT06726421,Sun Yat-sen University,UNKNOWN,1.0,2.0,1.0,Systemic Therapy Alone or with Stereotactic Body Radiotherapy for Oligometastatic Kidney Cancer (STROKER Study),RECRUITING,PHASE3,1.0,2.0,0.0,0.7448928726121198,-0.10117361387090246,7
NCT06734702,Sun Yat-sen University,UNKNOWN,1.0,2.0,1.0,Neoadjuvant Immunotherapy Plus Chemotherapy Followed by Concurrent Chemoradiotherapy and Consolidative Immunotherapy for Locally Advanced Non-small Cell Lung Cancer,RECRUITING,PHASE3,1.0,2.0,0.0,0.7448928726121198,-0.10117361387090246,7
NCT05600491,Sun Yat-sen University,UNKNOWN,1.0,2.0,1.0,A Phase III Study of Postoperative Early Temozolomide Treatment Plus STUPP Regimen for Newly Diagnosed GBM Multiforme,RECRUITING,PHASE3,1.0,2.0,0.0,0.7448928726121198,-0.10117361387090246,7
NCT06749899,Sun Yat-sen University,UNKNOWN,1.0,2.0,1.0,QL1706 (PD-1/CTLA-4 Bi-specific Antibody) and Chemoradiotherapy in Locoregionally-advanced Nasopharyngeal Carcinoma.,RECRUITING,PHASE3,1.0,2.0,0.0,0.7448928726121198,-0.10117361387090246,7
NCT06712888,Sun Yat-sen University,UNKNOWN,1.0,2.0,1.0,Toripalimab Vs. Placebo Wtih GP Induction Chemotherapy in Locoregionally Advanced Nasopharyngeal Carcinoma,RECRUITING,PHASE3,1.0,2.0,0.0,0.7448928726121198,-0.10117361387090246,7
NCT05794971,Sun Yat-sen University,UNKNOWN,1.0,2.0,1.0,Regorafenib Combined With Irinotecan Drug-Eluting Beads for Colorectal Cancer Liver Metastases,RECRUITING,PHASE3,1.0,2.0,0.0,0.7448928726121198,-0.10117361387090246,7
NCT05795140,Novartis Pharmaceuticals,UNKNOWN,1.0,2.0,1.0,"Evaluate Long-term Safety, Tolerability and Efficacy of Iptacopan in Study Participants With aHUS",RECRUITING,PHASE3,1.0,2.0,0.0,0.7448928726121198,-0.15176042080635369,8
NCT06744920,Novartis Pharmaceuticals,UNKNOWN,1.0,2.0,1.0,"A Study to Investigate the Efficacy, Safety and Tolerability of Remibrutinib Versus Placebo in Adult Patients With Generalized Myasthenia Gravis",RECRUITING,PHASE3,1.0,2.0,0.0,0.7448928726121198,-0.15176042080635369,8
NCT05648968,Novartis Pharmaceuticals,UNKNOWN,1.0,2.0,1.0,A Study of Efficacy and Safety of Ianalumab in Previously Treated Patients With Warm Autoimmune Hemolytic Anemia,RECRUITING,PHASE3,1.0,2.0,0.0,0.7448928726121198,-0.15176042080635369,8
NCT05639114,Novartis Pharmaceuticals,UNKNOWN,1.0,2.0,1.0,Phase 3 Study to Evaluate Two Regimens of Ianalumab on Top of Standard-of-care Therapy in Patients With Systemic Lupus Erythematosus (SIRIUS-SLE 1),RECRUITING,PHASE3,1.0,2.0,0.0,0.7448928726121198,-0.15176042080635369,8
NCT05624749,Novartis Pharmaceuticals,UNKNOWN,1.0,2.0,1.0,Phase 3 Study to Evaluate Ianalumab on Top of Standard-of-care Therapy in Patients With Systemic Lupus Erythematosus (SIRIUS-SLE 2),RECRUITING,PHASE3,1.0,2.0,0.0,0.7448928726121198,-0.15176042080635369,8
NCT05677451,Novartis Pharmaceuticals,UNKNOWN,1.0,2.0,1.0,"24 Weeks Double-blind Randomized Placebo-controlled Trial to Evaluate Efficacy, PK, Safety of LOU064 in Adolescents (12 - <18) With CSU and Inadequate Response to H1-antihistamine Followed by Optional 3 Years Open-label Extension and an Optional 3 Years Safety Long-term Treatment-free Follow-up",RECRUITING,PHASE3,1.0,2.0,0.0,0.7448928726121198,-0.15176042080635369,8
NCT06711887,Novartis Pharmaceuticals,UNKNOWN,1.0,2.0,1.0,Phase III Extension Study of Efficacy and Safety of Ianalumab With or Without Study Treatment Withdrawal in Participants With Lupus Nephritis (SIRIUS-LN Extension),RECRUITING,PHASE3,1.0,2.0,0.0,0.7448928726121198,-0.15176042080635369,8
NCT05827081,Novartis Pharmaceuticals,UNKNOWN,1.0,2.0,1.0,Phase IIIb Study of Ribociclib + ET in Early Breast Cancer,RECRUITING,PHASE3,1.0,2.0,0.0,0.7448928726121198,-0.15176042080635369,8
