lambda_cost,lambda_safety,noise_sigma,greedy_objective_mean,greedy_objective_std,greedy_objective_norm_mean,greedy_objective_norm_std,greedy_jaccard_vs_baseline_mean,greedy_jaccard_vs_baseline_std,greedy_selected_n_mean,greedy_selected_n_std,greedy_total_benefit_mean,greedy_total_benefit_std,greedy_total_cost_mean,greedy_total_cost_std,greedy_total_safety_mean,greedy_total_safety_std,qaoa_objective_mean,qaoa_objective_std,qaoa_objective_norm_mean,qaoa_objective_norm_std,qaoa_jaccard_vs_baseline_mean,qaoa_jaccard_vs_baseline_std,qaoa_selected_n_mean,qaoa_selected_n_std,qaoa_total_benefit_mean,qaoa_total_benefit_std,qaoa_total_cost_mean,qaoa_total_cost_std,qaoa_total_safety_mean,qaoa_total_safety_std,delta_objective_mean,delta_objective_norm_mean,delta_jaccard_vs_baseline_mean,delta_selected_n_mean,_join_mode
0.5,0.5,0.0,-20.0,8.451542547285166,0.9263054781460645,0.03331366025674384,0.7222222222222222,0.2151657414559676,50.0,21.128856368212915,30.0,12.67731382092775,100.0,42.25771273642583,0.0,0.0,-3.6000000000000005,1.0392304845413272,0.9546151075508686,0.026621794200806206,0.6237373737373737,0.21079809209055345,9.0,2.598076211353316,5.3999999999999995,1.5588457268119893,18.0,5.196152422706632,0.0,0.0,16.4,0.028309629404804193,-0.09848484848484851,-41.0,loose_on_lambdas_noise__K_marginalized
0.5,1.0,0.0,-20.0,8.451542547285166,0.9263054781460645,0.03331366025674384,0.7222222222222222,0.2151657414559676,50.0,21.128856368212915,30.0,12.67731382092775,100.0,42.25771273642583,0.0,0.0,-3.6000000000000005,1.0392304845413272,0.9546151075508686,0.026621794200806206,0.6237373737373737,0.21079809209055345,9.0,2.598076211353316,5.3999999999999995,1.5588457268119893,18.0,5.196152422706632,0.0,0.0,16.4,0.028309629404804193,-0.09848484848484851,-41.0,loose_on_lambdas_noise__K_marginalized
0.5,2.0,0.0,-20.0,8.451542547285166,0.9263054781460645,0.03331366025674384,0.7222222222222222,0.2151657414559676,50.0,21.128856368212915,30.0,12.67731382092775,100.0,42.25771273642583,0.0,0.0,-3.6000000000000005,1.0392304845413272,0.9546151075508686,0.026621794200806206,0.6237373737373737,0.21079809209055345,9.0,2.598076211353316,5.3999999999999995,1.5588457268119893,18.0,5.196152422706632,0.0,0.0,16.4,0.028309629404804193,-0.09848484848484851,-41.0,loose_on_lambdas_noise__K_marginalized
0.5,0.5,0.05,-11.941932246286887,5.352319605516627,0.9580681687994118,0.02109737434629206,0.00332297106490654,0.005007969704945148,50.0,21.128856368212915,32.564632386729414,13.609347408765712,89.01312926603259,37.9204665548006,0.0,0.0,-3.421907336248096,1.1007383305949396,0.9591772776503813,0.028197430446789615,0.5681818181818181,0.15868454595191983,9.0,2.598076211353316,5.4686468737498295,1.5400520483044873,17.78110841999585,5.279145089999629,0.0,0.0,8.520024910038792,0.0011091088509694869,0.5648588471169116,-41.0,loose_on_lambdas_noise__K_marginalized
0.5,1.0,0.05,-11.941932246286887,5.352319605516627,0.9580681687994118,0.02109737434629206,0.00332297106490654,0.005007969704945148,50.0,21.128856368212915,32.564632386729414,13.609347408765712,89.01312926603259,37.9204665548006,0.0,0.0,-3.421907336248096,1.1007383305949396,0.9591772776503813,0.028197430446789615,0.5681818181818181,0.15868454595191983,9.0,2.598076211353316,5.4686468737498295,1.5400520483044873,17.78110841999585,5.279145089999629,0.0,0.0,8.520024910038792,0.0011091088509694869,0.5648588471169116,-41.0,loose_on_lambdas_noise__K_marginalized
0.5,2.0,0.05,-11.941932246286887,5.352319605516627,0.9580681687994118,0.02109737434629206,0.00332297106490654,0.005007969704945148,50.0,21.128856368212915,32.564632386729414,13.609347408765712,89.01312926603259,37.9204665548006,0.0,0.0,-3.421907336248096,1.1007383305949396,0.9591772776503813,0.028197430446789615,0.5681818181818181,0.15868454595191983,9.0,2.598076211353316,5.4686468737498295,1.5400520483044873,17.78110841999585,5.279145089999629,0.0,0.0,8.520024910038792,0.0011091088509694869,0.5648588471169116,-41.0,loose_on_lambdas_noise__K_marginalized
1.0,0.5,0.0,-70.0,29.58039891549808,0.7292192062000934,0.11659781089860333,0.7222222222222222,0.2151657414559676,50.0,21.128856368212915,30.0,12.67731382092775,100.0,42.25771273642583,0.0,0.0,-12.600000000000001,3.6373066958946425,0.7240636068286744,0.09317627970282176,0.6388888888888888,0.19399709132275575,9.0,2.598076211353316,5.3999999999999995,1.5588457268119893,18.0,5.196152422706632,0.0,0.0,57.4,-0.005155599371418962,-0.08333333333333337,-41.0,loose_on_lambdas_noise__K_marginalized
1.0,2.0,0.0,-70.0,29.58039891549808,0.7292192062000934,0.11659781089860333,0.7222222222222222,0.2151657414559676,50.0,21.128856368212915,30.0,12.67731382092775,100.0,42.25771273642583,0.0,0.0,-12.600000000000001,3.6373066958946425,0.7240636068286744,0.09317627970282176,0.6388888888888888,0.19399709132275575,9.0,2.598076211353316,5.3999999999999995,1.5588457268119893,18.0,5.196152422706632,0.0,0.0,57.4,-0.005155599371418962,-0.08333333333333337,-41.0,loose_on_lambdas_noise__K_marginalized
1.0,1.0,0.0,-70.0,29.58039891549808,0.7292192062000934,0.11659781089860333,0.7222222222222222,0.2151657414559676,50.0,21.128856368212915,30.0,12.67731382092775,100.0,42.25771273642583,0.0,0.0,-12.600000000000001,3.6373066958946425,0.7240636068286744,0.09317627970282176,0.6388888888888888,0.19399709132275575,9.0,2.598076211353316,5.3999999999999995,1.5588457268119893,18.0,5.196152422706632,0.0,0.0,57.4,-0.005155599371418962,-0.08333333333333337,-41.0,loose_on_lambdas_noise__K_marginalized
0.5,0.5,0.1,-4.176407284481911,2.389082939962996,0.9886777360879222,0.009417109000140634,0.0026495703915058668,0.004701177241912716,50.0,21.128856368212915,36.18576134939061,14.917270574377522,80.72433726774506,34.58510471775818,0.0,0.0,-3.24267906703596,1.1716441878848298,0.9637685383657923,0.030013813981031548,0.553030303030303,0.17196302216388135,9.0,2.598076211353316,5.540754199854864,1.530688089619791,17.56686653378165,5.396849213759418,0.0,0.0,0.9337282174459509,-0.02490919772212985,0.5503807326387972,-41.0,loose_on_lambdas_noise__K_marginalized
0.5,1.0,0.1,-4.176407284481911,2.389082939962996,0.9886777360879222,0.009417109000140634,0.0026495703915058668,0.004701177241912716,50.0,21.128856368212915,36.18576134939061,14.917270574377522,80.72433726774506,34.58510471775818,0.0,0.0,-3.24267906703596,1.1716441878848298,0.9637685383657923,0.030013813981031548,0.553030303030303,0.17196302216388135,9.0,2.598076211353316,5.540754199854864,1.530688089619791,17.56686653378165,5.396849213759418,0.0,0.0,0.9337282174459509,-0.02490919772212985,0.5503807326387972,-41.0,loose_on_lambdas_noise__K_marginalized
0.5,2.0,0.1,-4.176407284481911,2.389082939962996,0.9886777360879222,0.009417109000140634,0.0026495703915058668,0.004701177241912716,50.0,21.128856368212915,36.18576134939061,14.917270574377522,80.72433726774506,34.58510471775818,0.0,0.0,-3.24267906703596,1.1716441878848298,0.9637685383657923,0.030013813981031548,0.553030303030303,0.17196302216388135,9.0,2.598076211353316,5.540754199854864,1.530688089619791,17.56686653378165,5.396849213759418,0.0,0.0,0.9337282174459509,-0.02490919772212985,0.5503807326387972,-41.0,loose_on_lambdas_noise__K_marginalized
1.0,2.0,0.05,-55.932404787444966,24.143950090741583,0.7846698041138426,0.095168822268677,0.004770248397313693,0.006309806238404232,50.0,21.128856368212915,31.449230539373037,13.270138764392645,87.381635326818,37.41313512607438,0.0,0.0,-12.306218256077226,3.747823567497356,0.7315893648226942,0.09600737199205807,0.5681818181818181,0.15868454595191983,9.0,2.598076211353316,5.450607988620163,1.5635474946605106,17.756826244697393,5.310360639409121,0.0,0.0,43.626186531367736,-0.05308043929114836,0.5634115697845045,-41.0,loose_on_lambdas_noise__K_marginalized
1.0,1.0,0.05,-55.932404787444966,24.143950090741583,0.7846698041138426,0.095168822268677,0.004770248397313693,0.006309806238404232,50.0,21.128856368212915,31.449230539373037,13.270138764392645,87.381635326818,37.41313512607438,0.0,0.0,-12.306218256077226,3.747823567497356,0.7315893648226942,0.09600737199205807,0.5681818181818181,0.15868454595191983,9.0,2.598076211353316,5.450607988620163,1.5635474946605106,17.756826244697393,5.310360639409121,0.0,0.0,43.626186531367736,-0.05308043929114836,0.5634115697845045,-41.0,loose_on_lambdas_noise__K_marginalized
1.0,0.5,0.05,-55.932404787444966,24.143950090741583,0.7846698041138426,0.095168822268677,0.004770248397313693,0.006309806238404232,50.0,21.128856368212915,31.449230539373037,13.270138764392645,87.381635326818,37.41313512607438,0.0,0.0,-12.306218256077226,3.747823567497356,0.7315893648226942,0.09600737199205807,0.5681818181818181,0.15868454595191983,9.0,2.598076211353316,5.450607988620163,1.5635474946605106,17.756826244697393,5.310360639409121,0.0,0.0,43.626186531367736,-0.05308043929114836,0.5634115697845045,-41.0,loose_on_lambdas_noise__K_marginalized
2.0,0.5,0.0,-170.0,71.83811165192391,0.335046662308151,0.28316611218232224,0.7222222222222222,0.2151657414559676,50.0,21.128856368212915,30.0,12.67731382092775,100.0,42.25771273642583,0.0,0.0,-30.599999999999998,8.833459118601274,0.26296060538428606,0.22628525070685282,0.6018518518518517,0.15664200647342724,9.0,2.598076211353316,5.3999999999999995,1.5588457268119893,18.0,5.196152422706632,0.0,0.0,139.4,-0.07208605692386494,-0.12037037037037046,-41.0,loose_on_lambdas_noise__K_marginalized
2.0,1.0,0.0,-170.0,71.83811165192391,0.335046662308151,0.28316611218232224,0.7222222222222222,0.2151657414559676,50.0,21.128856368212915,30.0,12.67731382092775,100.0,42.25771273642583,0.0,0.0,-30.599999999999998,8.833459118601274,0.26296060538428606,0.22628525070685282,0.6018518518518517,0.15664200647342724,9.0,2.598076211353316,5.3999999999999995,1.5588457268119893,18.0,5.196152422706632,0.0,0.0,139.4,-0.07208605692386494,-0.12037037037037046,-41.0,loose_on_lambdas_noise__K_marginalized
2.0,2.0,0.0,-170.0,71.83811165192391,0.335046662308151,0.28316611218232224,0.7222222222222222,0.2151657414559676,50.0,21.128856368212915,30.0,12.67731382092775,100.0,42.25771273642583,0.0,0.0,-30.599999999999998,8.833459118601274,0.26296060538428606,0.22628525070685282,0.6018518518518517,0.15664200647342724,9.0,2.598076211353316,5.3999999999999995,1.5588457268119893,18.0,5.196152422706632,0.0,0.0,139.4,-0.07208605692386494,-0.12037037037037046,-41.0,loose_on_lambdas_noise__K_marginalized
1.0,1.0,0.1,-43.312383259697036,19.206425727216804,0.8344144640094774,0.07570645687968695,0.004770248397313693,0.006309806238404232,50.0,21.128856368212915,33.53368369550656,14.049327551330176,76.84606695520361,33.25045214494431,0.0,0.0,-12.018906377232708,3.877656431174555,0.7389493853607961,0.09933327883248456,0.553030303030303,0.17196302216388135,9.0,2.598076211353316,5.525669560789738,1.5508247647890387,17.544575938022447,5.4259519486266035,0.0,0.0,31.293476882464326,-0.09546507864868126,0.5482600546329893,-41.0,loose_on_lambdas_noise__K_marginalized
1.0,0.5,0.1,-43.312383259697036,19.206425727216804,0.8344144640094774,0.07570645687968695,0.004770248397313693,0.006309806238404232,50.0,21.128856368212915,33.53368369550656,14.049327551330176,76.84606695520361,33.25045214494431,0.0,0.0,-12.018906377232708,3.877656431174555,0.7389493853607961,0.09933327883248456,0.553030303030303,0.17196302216388135,9.0,2.598076211353316,5.525669560789738,1.5508247647890387,17.544575938022447,5.4259519486266035,0.0,0.0,31.293476882464326,-0.09546507864868126,0.5482600546329893,-41.0,loose_on_lambdas_noise__K_marginalized
1.0,2.0,0.1,-43.312383259697036,19.206425727216804,0.8344144640094774,0.07570645687968695,0.004770248397313693,0.006309806238404232,50.0,21.128856368212915,33.53368369550656,14.049327551330176,76.84606695520361,33.25045214494431,0.0,0.0,-12.018906377232708,3.877656431174555,0.7389493853607961,0.09933327883248456,0.553030303030303,0.17196302216388135,9.0,2.598076211353316,5.525669560789738,1.5508247647890387,17.544575938022447,5.4259519486266035,0.0,0.0,31.293476882464326,-0.09546507864868126,0.5482600546329893,-41.0,loose_on_lambdas_noise__K_marginalized
2.0,0.5,0.05,-142.9446376471619,61.38165428456328,0.44169147235351575,0.24194962817642052,0.004770248397313693,0.006309806238404232,50.0,21.128856368212915,30.73159796921105,12.968766292091779,86.83811780818648,37.17485785647508,0.0,0.0,-30.068439843169838,9.054628949649613,0.27657749337109927,0.23195092142492704,0.5277777777777778,0.2069860013987008,9.0,2.598076211353316,5.4489593833858185,1.5602004091398847,17.75869961327783,5.307015938226878,0.0,0.0,112.87619780399206,-0.16511397898241648,0.5230075293804641,-41.0,loose_on_lambdas_noise__K_marginalized
2.0,1.0,0.05,-142.9446376471619,61.38165428456328,0.44169147235351575,0.24194962817642052,0.004770248397313693,0.006309806238404232,50.0,21.128856368212915,30.73159796921105,12.968766292091779,86.83811780818648,37.17485785647508,0.0,0.0,-30.068439843169838,9.054628949649613,0.27657749337109927,0.23195092142492704,0.5277777777777778,0.2069860013987008,9.0,2.598076211353316,5.4489593833858185,1.5602004091398847,17.75869961327783,5.307015938226878,0.0,0.0,112.87619780399206,-0.16511397898241648,0.5230075293804641,-41.0,loose_on_lambdas_noise__K_marginalized
2.0,2.0,0.05,-142.9446376471619,61.38165428456328,0.44169147235351575,0.24194962817642052,0.004770248397313693,0.006309806238404232,50.0,21.128856368212915,30.73159796921105,12.968766292091779,86.83811780818648,37.17485785647508,0.0,0.0,-30.068439843169838,9.054628949649613,0.27657749337109927,0.23195092142492704,0.5277777777777778,0.2069860013987008,9.0,2.598076211353316,5.4489593833858185,1.5602004091398847,17.75869961327783,5.307015938226878,0.0,0.0,112.87619780399206,-0.16511397898241648,0.5230075293804641,-41.0,loose_on_lambdas_noise__K_marginalized
2.0,0.5,0.1,-119.30173568898854,52.121235545239614,0.5348853004519256,0.20544760005658222,0.004770248397313693,0.006309806238404232,50.0,21.128856368212915,31.78467238581902,13.328314301884985,75.54320403740377,32.723236682333955,0.0,0.0,-29.57274321258842,9.287375005041417,0.289275671380375,0.237913138353566,0.5555555555555556,0.1800737018788593,9.0,2.598076211353316,5.499469482030392,1.570471146386785,17.536106347309403,5.427567887546186,0.0,0.0,89.72899247640012,-0.2456096290715506,0.5507853071582419,-41.0,loose_on_lambdas_noise__K_marginalized
2.0,1.0,0.1,-119.30173568898854,52.121235545239614,0.5348853004519256,0.20544760005658222,0.004770248397313693,0.006309806238404232,50.0,21.128856368212915,31.78467238581902,13.328314301884985,75.54320403740377,32.723236682333955,0.0,0.0,-29.57274321258842,9.287375005041417,0.289275671380375,0.237913138353566,0.5555555555555556,0.1800737018788593,9.0,2.598076211353316,5.499469482030392,1.570471146386785,17.536106347309403,5.427567887546186,0.0,0.0,89.72899247640012,-0.2456096290715506,0.5507853071582419,-41.0,loose_on_lambdas_noise__K_marginalized
2.0,2.0,0.1,-119.30173568898854,52.121235545239614,0.5348853004519256,0.20544760005658222,0.004770248397313693,0.006309806238404232,50.0,21.128856368212915,31.78467238581902,13.328314301884985,75.54320403740377,32.723236682333955,0.0,0.0,-29.57274321258842,9.287375005041417,0.289275671380375,0.237913138353566,0.5555555555555556,0.1800737018788593,9.0,2.598076211353316,5.499469482030392,1.570471146386785,17.536106347309403,5.427567887546186,0.0,0.0,89.72899247640012,-0.2456096290715506,0.5507853071582419,-41.0,loose_on_lambdas_noise__K_marginalized
