nct_id,brief_title,overall_status,phase,conditions,interventions,location_countries,lead_sponsor,lead_sponsor_norm,region_label,estimated_trial_cost,enrollment_feasibility_score,benefit_score,qubo_var_index
NCT05823714,Venetoclax+Azacytidine+Modified BUCY Conditioning Regimen for Acute Myeloid Leukemia and Myelodysplastic Syndromes Undergoing Allo-HSCT,Recruiting,Phase 2,"['Allogeneic Hematopoietic Stem Cell Transplantation'
 'Acute Myeloid Leukemia' 'Myelodysplastic Syndrome']",['VEN+AZA+Modified BUCY'],['China'],The First Affiliated Hospital of Soochow University,The First Affiliated Hospital of Soochow University,Global / Multi-Region,2.0,1.0,0.6,1
NCT05821556,Valproic Acid/Simvastatin Plus Gemcitabine/Nab-paclitaxel Based Regimens in Untreated Metastatic Pancreatic Adenocarcinoma Patients,Recruiting,Phase 2,['Adenocarcinoma of the Pancreas'],"['Valproic acid' 'Simvastatin 20mg' 'Gemcitabine 1000 mg' 'Nab paclitaxel'
 'Cisplatin' 'Capecitabine']",['Italy' 'Spain'],"National Cancer Institute, Naples","National Cancer Institute, Naples",Global / Multi-Region,2.0,1.0,0.6,5
NCT05820906,Cadonilimab Plus Regorafenib and Gem-Cis Chemotherapy in Advanced Biliary Tract Cancer,Recruiting,Phase 2,['Advanced Biliary Tract Cancer'],['Cadonilimab+Regorafenib+GC'],['China'],Tianjin Medical University Cancer Institute and Hospital,Tianjin Medical University Cancer Institute and Hospital,Global / Multi-Region,2.0,1.0,0.6,8
NCT00999804,Extension Study of Lapatinib Plus Herceptin With or Without Endocrine Therapy,"Active, not recruiting",Phase 2,['Breast Cancer'],['Lapatinib' 'Letrozole' 'Trastuzumab'],['United States'],Baylor Breast Care Center,Baylor Breast Care Center,Global / Multi-Region,2.0,1.0,0.6,9
NCT05816746,Decitabine and Anti-PD-1 in R/R DLBCL,Recruiting,Phase 2,"['Diffuse Large B Cell Lymphoma' 'Relapse/Recurrence'
 'Extranodal Extension' 'Central Nervous System Lymphoma']",['Low-Dose Decitabine plus anti-PD-1'],['China'],Chinese PLA General Hospital,Chinese PLA General Hospital,Global / Multi-Region,2.0,1.0,0.6,13
NCT05816655,"Comparison of Clinical Efficacy Between Letrozole + Ribociclib and Fulvestrant + Letrozole + Ribociclib in Hormone Receptor Positive, HER2 Negative Metastatic Breast Cancer",Recruiting,Phase 2,['Metastatic Breast Cancer'],['Fulvestrant plus AI plus ribociclib' 'AI plus ribociclib'],['South Korea'],Korea University Guro Hospital,Korea University Guro Hospital,Global / Multi-Region,2.0,1.0,0.6,14
