config_id,K,lambda_cost,lambda_safety,noise_sigma,seed,pool_size,penalty_A,shots,gamma_0,beta_0,best_mean_energy,best_bitstring,jaccard_vs_baseline,selected_n,total_benefit,total_cost,total_safety,objective,objective_norm
K3_lc0.5_ls0.5_sig0.0_seed0_pool6_shots1024_A10.0,3,0.5,0.5,0.0,0,6,10.0,1024,1.0,0.2,-80.462890625,100110,0.5,3,0.0,0.0,3.0,1.5,0.2251267022765779
K3_lc0.5_ls0.5_sig0.0_seed1_pool6_shots1024_A10.0,3,0.5,0.5,0.0,1,6,10.0,1024,1.0,0.2,-81.0673828125,100011,0.5,3,0.0,0.0,3.0,1.5,0.2251267022765779
K3_lc0.5_ls0.5_sig0.0_seed2_pool6_shots1024_A10.0,3,0.5,0.5,0.0,2,6,10.0,1024,1.0,0.2,-80.576171875,011100,0.5,3,0.0,0.0,3.0,1.5,0.2251267022765779
K3_lc0.5_ls0.5_sig0.05_seed0_pool6_shots1024_A10.0,3,0.5,0.5,0.05,0,6,10.0,1024,1.5333333333333332,1.2666666666666666,-86.13220149388302,101100,0.5,3,2.3075795834628354,0.7362156794472429,0.7777386044375431,-1.5506024415204425,0.0
K3_lc0.5_ls0.5_sig0.05_seed1_pool6_shots1024_A10.0,3,0.5,0.5,0.05,1,6,10.0,1024,1.5333333333333332,1.2666666666666666,-86.30445711975644,010011,0.5,3,2.708623236902526,1.5079983347550079,1.9892009057143472,-0.9600236166678483,0.043583215388490755
K3_lc0.5_ls0.5_sig0.05_seed2_pool6_shots1024_A10.0,3,0.5,0.5,0.05,2,6,10.0,1024,1.5333333333333332,1.2666666666666666,-85.86872386508864,110001,0.5,3,2.465667972428485,1.3113313445651413,1.5152783654770454,-1.0523631174073917,0.036768795060092244
K3_lc0.5_ls0.5_sig0.1_seed0_pool6_shots1024_A10.0,3,0.5,0.5,0.1,0,6,10.0,1024,1.5333333333333332,1.2666666666666666,-86.14773143400619,101100,0.5,3,2.3075795834824553,0.745306731910075,0.7777386044269915,-1.546056915313922,0.0003354482744318745
K3_lc0.5_ls0.5_sig0.1_seed1_pool6_shots1024_A10.0,3,0.5,0.5,0.1,1,6,10.0,1024,1.5333333333333332,1.2666666666666666,-86.28422393726946,010011,0.5,3,2.708623236914791,1.5103245252659412,1.9892009057067799,-0.9588605214284306,0.043669048859322566
K3_lc0.5_ls0.5_sig0.1_seed2_pool6_shots1024_A10.0,3,0.5,0.5,0.1,2,6,10.0,1024,1.5333333333333332,1.2666666666666666,-85.8388529887214,110001,0.5,3,2.4656679724342996,1.3146803341452968,1.5152783654659432,-1.0506886226286796,0.036892368516397135
K3_lc0.5_ls1.0_sig0.0_seed0_pool6_shots1024_A10.0,3,0.5,1.0,0.0,0,6,10.0,1024,1.0,0.2,-74.19140625,010110,0.5,3,0.0,0.0,3.0,3.0,0.3358228876656382
K3_lc0.5_ls1.0_sig0.0_seed1_pool6_shots1024_A10.0,3,0.5,1.0,0.0,1,6,10.0,1024,1.0,0.2,-74.2177734375,010110,0.5,3,0.0,0.0,3.0,3.0,0.3358228876656382
K3_lc0.5_ls1.0_sig0.0_seed2_pool6_shots1024_A10.0,3,0.5,1.0,0.0,2,6,10.0,1024,1.0,0.2,-73.7861328125,101100,0.5,3,0.0,0.0,3.0,3.0,0.3358228876656382
K3_lc0.5_ls1.0_sig0.05_seed0_pool6_shots1024_A10.0,3,0.5,1.0,0.05,0,6,10.0,1024,1.5333333333333332,1.2666666666666666,-86.09065638782116,101100,0.5,3,2.3075795834628354,0.7362156794472429,0.7777386044375431,-1.161733139301671,0.028697565580349096
K3_lc0.5_ls1.0_sig0.05_seed1_pool6_shots1024_A10.0,3,0.5,1.0,0.05,1,6,10.0,1024,1.5333333333333332,1.2666666666666666,-83.75387438707331,010011,0.5,3,2.708623236902526,1.5079983347550079,1.9892009057143472,0.03457683618932528,0.11698219946683809
K3_lc0.5_ls1.0_sig0.05_seed2_pool6_shots1024_A10.0,3,0.5,1.0,0.05,2,6,10.0,1024,1.5333333333333332,1.2666666666666666,-85.2868234229526,110100,0.5,3,2.3236985987303536,1.7089911689794985,0.9292448758138001,-0.5399581384268042,0.07458297942510068
K3_lc0.5_ls1.0_sig0.1_seed0_pool6_shots1024_A10.0,3,0.5,1.0,0.1,0,6,10.0,1024,1.5333333333333332,1.2666666666666666,-86.1024975520594,101100,0.5,3,2.3075795834824553,0.745306731910075,0.7777386044269915,-1.1571876131004264,0.02903301385439163
K3_lc0.5_ls1.0_sig0.1_seed1_pool6_shots1024_A10.0,3,0.5,1.0,0.1,1,6,10.0,1024,1.5333333333333332,1.2666666666666666,-83.71386689738655,010011,0.5,3,2.708623236914791,1.5103245252659412,1.9892009057067799,0.03573993142495935,0.11706803293739068
K3_lc0.5_ls1.0_sig0.1_seed2_pool6_shots1024_A10.0,3,0.5,1.0,0.1,2,6,10.0,1024,1.5333333333333332,1.2666666666666666,-85.3184843052725,110100,0.5,3,2.323698598735833,1.7138328183630094,0.9292448757983163,-0.5375373137560122,0.07476163012946895
K3_lc0.5_ls2.0_sig0.0_seed0_pool6_shots1024_A10.0,3,0.5,2.0,0.0,0,6,10.0,1024,1.5333333333333332,1.8,-79.83203125,010110,0.5,3,0.0,0.0,3.0,6.0,0.5572152584437589
K3_lc0.5_ls2.0_sig0.0_seed1_pool6_shots1024_A10.0,3,0.5,2.0,0.0,1,6,10.0,1024,1.5333333333333332,1.8,-79.69921875,100110,0.5,3,0.0,0.0,3.0,6.0,0.5572152584437589
K3_lc0.5_ls2.0_sig0.0_seed2_pool6_shots1024_A10.0,3,0.5,2.0,0.0,2,6,10.0,1024,1.5333333333333332,0.2,-79.66796875,100011,0.5,3,0.0,0.0,3.0,6.0,0.5572152584437589
K3_lc0.5_ls2.0_sig0.05_seed0_pool6_shots1024_A10.0,3,0.5,2.0,0.05,0,6,10.0,1024,1.5333333333333332,1.2666666666666666,-83.85113933874439,101100,0.5,3,2.3075795834628354,0.7362156794472429,0.7777386044375431,-0.3839945348641278,0.0860926967410473
K3_lc0.5_ls2.0_sig0.05_seed1_pool6_shots1024_A10.0,3,0.5,2.0,0.05,1,6,10.0,1024,1.0,0.2,-77.91487546854673,011010,0.5,3,1.9620841174650439,2.2530908856049456,0.9892009057293253,1.1428631367960795,0.19877090999758548
K3_lc0.5_ls2.0_sig0.05_seed2_pool6_shots1024_A10.0,3,0.5,2.0,0.05,2,6,10.0,1024,1.0,0.2,-78.81695660176122,010101,0.5,3,2.0984986145090128,1.6991978027203416,0.7211138652392882,0.19332801732973448,0.12869763291900546
K3_lc0.5_ls2.0_sig0.1_seed0_pool6_shots1024_A10.0,3,0.5,2.0,0.1,0,6,10.0,1024,1.5333333333333332,1.2666666666666666,-83.8015596218099,101100,0.5,3,2.3075795834824553,0.745306731910075,0.7777386044269915,-0.3794490086734348,0.08642814501431116
K3_lc0.5_ls2.0_sig0.1_seed1_pool6_shots1024_A10.0,3,0.5,2.0,0.1,1,6,10.0,1024,1.0,0.2,-77.88541997379878,011010,0.5,3,1.9620841174739279,2.2571770130035556,0.9892009057142689,1.1449062004563877,0.19892168290005421
K3_lc0.5_ls2.0_sig0.1_seed2_pool6_shots1024_A10.0,3,0.5,2.0,0.1,2,6,10.0,1024,1.0,0.2,-78.79340084182641,010101,0.5,3,2.0984986145139612,1.7039539307711142,0.7211138652222489,0.19570608131609357,0.12887312799360615
K3_lc1.0_ls0.5_sig0.0_seed0_pool6_shots1024_A10.0,3,1.0,0.5,0.0,0,6,10.0,1024,1.0,0.2,-80.462890625,100110,0.5,3,0.0,0.0,3.0,1.5,0.2251267022765779
K3_lc1.0_ls0.5_sig0.0_seed1_pool6_shots1024_A10.0,3,1.0,0.5,0.0,1,6,10.0,1024,1.0,0.2,-81.0673828125,100011,0.5,3,0.0,0.0,3.0,1.5,0.2251267022765779
K3_lc1.0_ls0.5_sig0.0_seed2_pool6_shots1024_A10.0,3,1.0,0.5,0.0,2,6,10.0,1024,1.0,0.2,-80.576171875,011100,0.5,3,0.0,0.0,3.0,1.5,0.2251267022765779
K3_lc1.0_ls0.5_sig0.05_seed0_pool6_shots1024_A10.0,3,1.0,0.5,0.05,0,6,10.0,1024,1.5333333333333332,1.2666666666666666,-85.38735764864398,101100,0.5,3,2.3075795834628354,0.7362156794472429,0.7777386044375431,-1.182494601796821,0.027165422446141663
K3_lc1.0_ls0.5_sig0.05_seed1_pool6_shots1024_A10.0,3,1.0,0.5,0.05,1,6,10.0,1024,1.5333333333333332,1.2666666666666666,-83.55091791106348,010011,0.5,3,2.708623236902526,1.5079983347550079,1.9892009057143472,-0.20602444929034436,0.09922643646530228
K3_lc1.0_ls0.5_sig0.05_seed2_pool6_shots1024_A10.0,3,1.0,0.5,0.05,2,6,10.0,1024,1.5333333333333332,1.2666666666666666,-85.08182095680145,110001,0.5,3,2.465667972428485,1.3113313445651413,1.5152783654770454,-0.3966974451248211,0.08515525426824844
K3_lc1.0_ls0.5_sig0.1_seed0_pool6_shots1024_A10.0,3,1.0,0.5,0.1,0,6,10.0,1024,1.5333333333333332,1.2666666666666666,-85.5096450339493,101100,0.5,3,2.3075795834824553,0.745306731910075,0.7777386044269915,-1.1734035493588846,0.02783631899684265
K3_lc1.0_ls0.5_sig0.1_seed1_pool6_shots1024_A10.0,3,1.0,0.5,0.1,1,6,10.0,1024,1.5333333333333332,1.2666666666666666,-83.64424316802628,010011,0.5,3,2.708623236914791,1.5103245252659412,1.9892009057067799,-0.20369825879546,0.09939810340815028
K3_lc1.0_ls0.5_sig0.1_seed2_pool6_shots1024_A10.0,3,1.0,0.5,0.1,2,6,10.0,1024,1.5333333333333332,1.2666666666666666,-84.998118571589,110001,0.5,3,2.4656679724342996,1.3146803341452968,1.5152783654659432,-0.39334845555603115,0.08540240118169697
K3_lc1.0_ls1.0_sig0.0_seed0_pool6_shots1024_A10.0,3,1.0,1.0,0.0,0,6,10.0,1024,1.0,0.2,-74.19140625,010110,0.5,3,0.0,0.0,3.0,3.0,0.3358228876656382
K3_lc1.0_ls1.0_sig0.0_seed1_pool6_shots1024_A10.0,3,1.0,1.0,0.0,1,6,10.0,1024,1.0,0.2,-74.2177734375,010110,0.5,3,0.0,0.0,3.0,3.0,0.3358228876656382
K3_lc1.0_ls1.0_sig0.0_seed2_pool6_shots1024_A10.0,3,1.0,1.0,0.0,2,6,10.0,1024,1.0,0.2,-73.7861328125,101100,0.5,3,0.0,0.0,3.0,3.0,0.3358228876656382
K3_lc1.0_ls1.0_sig0.05_seed0_pool6_shots1024_A10.0,3,1.0,1.0,0.05,0,6,10.0,1024,1.5333333333333332,1.2666666666666666,-83.91077887728761,101100,0.5,3,2.3075795834628354,0.7362156794472429,0.7777386044375431,-0.7936252995780494,0.05586298802649077
K3_lc1.0_ls1.0_sig0.05_seed1_pool6_shots1024_A10.0,3,1.0,1.0,0.05,1,6,10.0,1024,1.0,0.2,-80.57162583591962,010011,0.5,3,2.708623236902526,1.5079983347550079,1.9892009057143472,0.7885760035668292,0.1726254205436496
K3_lc1.0_ls1.0_sig0.05_seed2_pool6_shots1024_A10.0,3,1.0,1.0,0.05,2,6,10.0,1024,1.5333333333333332,1.2666666666666666,-82.09295749629112,110100,0.5,3,2.3236985987303536,1.7089911689794985,0.9292448758138001,0.3145374460629451,0.1376425805149745
K3_lc1.0_ls1.0_sig0.1_seed0_pool6_shots1024_A10.0,3,1.0,1.0,0.1,0,6,10.0,1024,1.5333333333333332,1.2666666666666666,-84.00439796345738,101100,0.5,3,2.3075795834824553,0.745306731910075,0.7777386044269915,-0.7845342471453888,0.05653388457680241
K3_lc1.0_ls1.0_sig0.1_seed1_pool6_shots1024_A10.0,3,1.0,1.0,0.1,1,6,10.0,1024,1.0,1.8,-80.53974838191318,010011,0.5,3,2.708623236914791,1.5103245252659412,1.9892009057067799,0.7909021940579299,0.1727970874862184
K3_lc1.0_ls1.0_sig0.1_seed2_pool6_shots1024_A10.0,3,1.0,1.0,0.1,2,6,10.0,1024,1.5333333333333332,1.2666666666666666,-81.99421464925861,110100,0.5,3,2.323698598735833,1.7138328183630094,0.9292448757983163,0.3193790954254925,0.13799988192525808
K3_lc1.0_ls2.0_sig0.0_seed0_pool6_shots1024_A10.0,3,1.0,2.0,0.0,0,6,10.0,1024,1.5333333333333332,1.8,-79.83203125,010110,0.5,3,0.0,0.0,3.0,6.0,0.5572152584437589
K3_lc1.0_ls2.0_sig0.0_seed1_pool6_shots1024_A10.0,3,1.0,2.0,0.0,1,6,10.0,1024,1.5333333333333332,1.8,-79.69921875,100110,0.5,3,0.0,0.0,3.0,6.0,0.5572152584437589
K3_lc1.0_ls2.0_sig0.0_seed2_pool6_shots1024_A10.0,3,1.0,2.0,0.0,2,6,10.0,1024,1.5333333333333332,0.2,-79.66796875,100011,0.5,3,0.0,0.0,3.0,6.0,0.5572152584437589
K3_lc1.0_ls2.0_sig0.05_seed0_pool6_shots1024_A10.0,3,1.0,2.0,0.05,0,6,10.0,1024,1.5333333333333332,1.2666666666666666,-82.0463642839254,101100,0.5,3,2.3075795834628354,0.7362156794472429,0.7777386044375431,-0.015886695140506335,0.11325811918718896
K3_lc1.0_ls2.0_sig0.05_seed1_pool6_shots1024_A10.0,3,1.0,2.0,0.05,1,6,10.0,1024,1.0,0.2,-73.1002634642717,011010,0.5,3,1.9620841174650439,2.2530908856049456,0.9892009057293253,2.2694085795985526,0.2819070987880279
K3_lc1.0_ls2.0_sig0.05_seed2_pool6_shots1024_A10.0,3,1.0,2.0,0.05,2,6,10.0,1024,1.0,0.2,-77.01598954770235,010101,0.5,3,2.0984986145090128,1.6991978027203416,0.7211138652392882,1.0429269186899053,0.19139587124654375
K3_lc1.0_ls2.0_sig0.1_seed0_pool6_shots1024_A10.0,3,1.0,2.0,0.1,0,6,10.0,1024,1.5333333333333332,1.2666666666666666,-82.02604572938426,101100,0.5,3,2.3075795834824553,0.745306731910075,0.7777386044269915,-0.006795642718397277,0.11392901573672193
K3_lc1.0_ls2.0_sig0.1_seed1_pool6_shots1024_A10.0,3,1.0,2.0,0.1,1,6,10.0,1024,1.0,0.2,-73.09432109319692,011010,0.5,3,1.9620841174739279,2.2571770130035556,0.9892009057142689,2.2734947069581652,0.2822086445958432
K3_lc1.0_ls2.0_sig0.1_seed2_pool6_shots1024_A10.0,3,1.0,2.0,0.1,2,6,10.0,1024,1.0,0.2,-77.03585731370453,010101,0.5,3,2.0984986145139612,1.7039539307711142,0.7211138652222489,1.0476830467016507,0.19174686139862523
K3_lc2.0_ls0.5_sig0.0_seed0_pool6_shots1024_A10.0,3,2.0,0.5,0.0,0,6,10.0,1024,1.0,0.2,-80.462890625,100110,0.5,3,0.0,0.0,3.0,1.5,0.2251267022765779
K3_lc2.0_ls0.5_sig0.0_seed1_pool6_shots1024_A10.0,3,2.0,0.5,0.0,1,6,10.0,1024,1.0,0.2,-81.0673828125,100011,0.5,3,0.0,0.0,3.0,1.5,0.2251267022765779
K3_lc2.0_ls0.5_sig0.0_seed2_pool6_shots1024_A10.0,3,2.0,0.5,0.0,2,6,10.0,1024,1.0,0.2,-80.576171875,011100,0.5,3,0.0,0.0,3.0,1.5,0.2251267022765779
K3_lc2.0_ls0.5_sig0.05_seed0_pool6_shots1024_A10.0,3,2.0,0.5,0.05,0,6,10.0,1024,1.5333333333333332,1.0,-80.48838362934829,101100,0.5,3,2.3075795834628354,0.7362156794472429,0.7777386044375431,-0.44627892234957817,0.08149626733842498
K3_lc2.0_ls0.5_sig0.05_seed1_pool6_shots1024_A10.0,3,2.0,0.5,0.05,1,6,10.0,1024,1.0,0.2,-76.28783953391151,010101,0.5,3,2.4862197258269436,1.3157694584513009,2.2282552703161445,1.2594468262337304,0.20737448979713938
K3_lc2.0_ls0.5_sig0.05_seed2_pool6_shots1024_A10.0,3,2.0,0.5,0.05,2,6,10.0,1024,1.0,1.8,-79.38330276295582,101001,0.5,3,1.465667972433201,0.3113313446044575,1.9971608790299333,0.15557515629068075,0.1259115677826411
K3_lc2.0_ls0.5_sig0.1_seed0_pool6_shots1024_A10.0,3,2.0,0.5,0.1,0,6,10.0,1024,1.0,0.2,-80.1917515745946,101100,0.5,3,2.3075795834824553,0.745306731910075,0.7777386044269915,-0.4280968174488095,0.0828380604416642
K3_lc2.0_ls0.5_sig0.1_seed1_pool6_shots1024_A10.0,3,2.0,0.5,0.1,1,6,10.0,1024,1.0,0.2,-76.22646107769376,010101,0.5,3,2.4862197258382026,1.3195328166628655,2.2282552703103677,1.2669735426427122,0.20792994232712572
K3_lc2.0_ls0.5_sig0.1_seed2_pool6_shots1024_A10.0,3,2.0,0.5,0.1,2,6,10.0,1024,1.0,1.8,-79.43144555598599,101001,0.5,3,1.4656679724366575,0.31468033416502084,1.997160879022434,0.1622731354046012,0.12640586160779216
K3_lc2.0_ls1.0_sig0.0_seed0_pool6_shots1024_A10.0,3,2.0,1.0,0.0,0,6,10.0,1024,1.0,0.2,-74.19140625,010110,0.5,3,0.0,0.0,3.0,3.0,0.3358228876656382
K3_lc2.0_ls1.0_sig0.0_seed1_pool6_shots1024_A10.0,3,2.0,1.0,0.0,1,6,10.0,1024,1.0,0.2,-74.2177734375,010110,0.5,3,0.0,0.0,3.0,3.0,0.3358228876656382
K3_lc2.0_ls1.0_sig0.0_seed2_pool6_shots1024_A10.0,3,2.0,1.0,0.0,2,6,10.0,1024,1.0,0.2,-73.7861328125,101100,0.5,3,0.0,0.0,3.0,3.0,0.3358228876656382
K3_lc2.0_ls1.0_sig0.05_seed0_pool6_shots1024_A10.0,3,2.0,1.0,0.05,0,6,10.0,1024,1.5333333333333332,1.2666666666666666,-79.96720190033757,101100,0.5,3,2.3075795834628354,0.7362156794472429,0.7777386044375431,-0.05740962013080664,0.11019383291877409
K3_lc2.0_ls1.0_sig0.05_seed1_pool6_shots1024_A10.0,3,2.0,1.0,0.05,1,6,10.0,1024,1.5333333333333332,0.2,-74.44412883756519,011001,0.5,3,1.7465391194284263,1.2530908856586276,1.4187253648762637,2.1783680167650923,0.2751885367738031
K3_lc2.0_ls1.0_sig0.05_seed2_pool6_shots1024_A10.0,3,2.0,1.0,0.05,2,6,10.0,1024,1.0,0.2,-77.18684462167924,101001,0.5,3,1.465667972433201,0.3113313446044575,1.9971608790299333,1.1541555958056473,0.19960426475493312
K3_lc2.0_ls1.0_sig0.1_seed0_pool6_shots1024_A10.0,3,2.0,1.0,0.1,0,6,10.0,1024,1.5333333333333332,1.2666666666666666,-79.88355287632166,101100,0.5,3,2.3075795834824553,0.745306731910075,0.7777386044269915,-0.03922751523531376,0.11153562602162395
K3_lc2.0_ls1.0_sig0.1_seed1_pool6_shots1024_A10.0,3,2.0,1.0,0.1,1,6,10.0,1024,1.5333333333333332,0.2,-74.49470451692112,011001,0.5,3,1.7465391194363353,1.2571770130304043,1.4187253648644236,2.186540271488897,0.2757916283897717
K3_lc2.0_ls1.0_sig0.1_seed2_pool6_shots1024_A10.0,3,2.0,1.0,0.1,2,6,10.0,1024,1.0,0.2,-77.07762674969204,101001,0.5,3,1.4656679724366575,0.31468033416502084,1.997160879022434,1.1608535749158182,0.20009855857980746
K3_lc2.0_ls2.0_sig0.0_seed0_pool6_shots1024_A10.0,3,2.0,2.0,0.0,0,6,10.0,1024,1.5333333333333332,1.8,-79.83203125,010110,0.5,3,0.0,0.0,3.0,6.0,0.5572152584437589
K3_lc2.0_ls2.0_sig0.0_seed1_pool6_shots1024_A10.0,3,2.0,2.0,0.0,1,6,10.0,1024,1.5333333333333332,1.8,-79.69921875,100110,0.5,3,0.0,0.0,3.0,6.0,0.5572152584437589
K3_lc2.0_ls2.0_sig0.0_seed2_pool6_shots1024_A10.0,3,2.0,2.0,0.0,2,6,10.0,1024,1.5333333333333332,0.2,-79.66796875,100011,0.5,3,0.0,0.0,3.0,6.0,0.5572152584437589
K3_lc2.0_ls2.0_sig0.05_seed0_pool6_shots1024_A10.0,3,2.0,2.0,0.05,0,6,10.0,1024,1.5333333333333332,1.2666666666666666,-79.13858830713933,101100,0.5,3,2.3075795834628354,0.7362156794472429,0.7777386044375431,0.7203289843067364,0.16758896407947227
K3_lc2.0_ls2.0_sig0.05_seed1_pool6_shots1024_A10.0,3,2.0,2.0,0.05,1,6,10.0,1024,1.5333333333333332,1.8,-78.12114477504397,011001,0.5,3,1.7465391194284263,1.2530908856586276,1.4187253648762637,3.597093381641356,0.3798868607781399
K3_lc2.0_ls2.0_sig0.05_seed2_pool6_shots1024_A10.0,3,2.0,2.0,0.05,2,6,10.0,1024,1.0,0.2,-72.30595877106529,001101,0.5,3,1.0984986145137285,0.6991978027596577,1.202996378792176,2.705889748589939,0.3141182990556974
K3_lc2.0_ls2.0_sig0.1_seed0_pool6_shots1024_A10.0,3,2.0,2.0,0.1,0,6,10.0,1024,1.5333333333333332,1.2666666666666666,-78.8992540885702,101100,0.5,3,2.3075795834824553,0.745306731910075,0.7777386044269915,0.7385110891916777,0.16893075718154346
K3_lc2.0_ls2.0_sig0.1_seed1_pool6_shots1024_A10.0,3,2.0,2.0,0.1,1,6,10.0,1024,1.5333333333333332,1.8,-78.13096116461156,011001,0.5,3,1.7465391194363353,1.2571770130304043,1.4187253648644236,3.6052656363533204,0.38048995239323463
K3_lc2.0_ls2.0_sig0.1_seed2_pool6_shots1024_A10.0,3,2.0,2.0,0.1,2,6,10.0,1024,1.0,0.2,-72.42649238024622,001101,0.5,3,1.098498614516319,0.7039539307908385,1.2029963787787397,2.7154020046228373,0.3148202793605546
K6_lc0.5_ls0.5_sig0.0_seed0_pool6_shots1024_A10.0,6,0.5,0.5,0.0,0,6,10.0,1024,1.5333333333333332,1.8,-272.11572265625,111111,1.0,6,0.0,0.0,6.0,3.0,0.3358228876656382
K6_lc0.5_ls0.5_sig0.0_seed1_pool6_shots1024_A10.0,6,0.5,0.5,0.0,1,6,10.0,1024,1.5333333333333332,1.8,-272.3359375,111111,1.0,6,0.0,0.0,6.0,3.0,0.3358228876656382
K6_lc0.5_ls0.5_sig0.0_seed2_pool6_shots1024_A10.0,6,0.5,0.5,0.0,2,6,10.0,1024,1.5333333333333332,1.8,-270.89208984375,111111,1.0,6,0.0,0.0,6.0,3.0,0.3358228876656382
K6_lc0.5_ls0.5_sig0.05_seed0_pool6_shots1024_A10.0,6,0.5,0.5,0.05,0,6,10.0,1024,1.5333333333333332,1.8,-298.2546237768383,111111,1.0,6,3.213090447181125,2.8538004861826582,1.9322639464593876,-0.8200582308601019,0.05391230491877452
K6_lc0.5_ls0.5_sig0.05_seed1_pool6_shots1024_A10.0,6,0.5,0.5,0.05,1,6,10.0,1024,1.5333333333333332,1.8,-301.4274985646667,111111,1.0,6,4.240480174660395,4.030366344877617,3.4662233324164013,-0.4921853360133861,0.07810849075344113
K6_lc0.5_ls0.5_sig0.05_seed2_pool6_shots1024_A10.0,6,0.5,0.5,0.05,2,6,10.0,1024,1.5333333333333332,1.8,-298.3991255071681,111101,0.8333333333333334,5,2.9439325928362834,1.8597601581521488,2.0647010668254318,-0.9817019803474931,0.04198340727861513
K6_lc0.5_ls0.5_sig0.1_seed0_pool6_shots1024_A10.0,6,0.5,0.5,0.1,0,6,10.0,1024,1.5333333333333332,1.8,-298.74449990100635,111111,1.0,6,3.213090447208443,2.8694742116310405,1.9322639464400733,-0.812221368172886,0.05449064545536962
K6_lc0.5_ls0.5_sig0.1_seed1_pool6_shots1024_A10.0,6,0.5,0.5,0.1,1,6,10.0,1024,1.5333333333333332,1.8,-301.4846402260757,111111,1.0,6,4.240480174679597,4.036162469572887,3.4662233323974307,-0.4892872736944378,0.0783223603825927
K6_lc0.5_ls0.5_sig0.1_seed2_pool6_shots1024_A10.0,6,0.5,0.5,0.1,2,6,10.0,1024,1.5333333333333332,1.8,-298.3092706161519,111101,0.8333333333333334,5,2.943932592843226,1.8662335416495721,2.0647010668034835,-0.9784652886166982,0.042222266897201335
K6_lc0.5_ls1.0_sig0.0_seed0_pool6_shots1024_A10.0,6,0.5,1.0,0.0,0,6,10.0,1024,1.2666666666666666,1.0,-329.310546875,111111,1.0,6,0.0,0.0,6.0,6.0,0.5572152584437589
K6_lc0.5_ls1.0_sig0.0_seed1_pool6_shots1024_A10.0,6,0.5,1.0,0.0,1,6,10.0,1024,1.2666666666666666,1.0,-329.533203125,111111,1.0,6,0.0,0.0,6.0,6.0,0.5572152584437589
K6_lc0.5_ls1.0_sig0.0_seed2_pool6_shots1024_A10.0,6,0.5,1.0,0.0,2,6,10.0,1024,1.2666666666666666,1.0,-328.7666015625,111111,1.0,6,0.0,0.0,6.0,6.0,0.5572152584437589
K6_lc0.5_ls1.0_sig0.05_seed0_pool6_shots1024_A10.0,6,0.5,1.0,0.05,0,6,10.0,1024,1.5333333333333332,1.8,-293.5233383096758,111110,0.8333333333333334,5,2.6507198324938033,1.8538004862060138,0.9322639464593878,-0.7915556429314086,0.056015723423722935
K6_lc0.5_ls1.0_sig0.05_seed1_pool6_shots1024_A10.0,6,0.5,1.0,0.05,1,6,10.0,1024,1.5333333333333332,1.8,-289.5797485559231,111111,1.0,6,4.240480174660395,4.030366344877617,3.4662233324164013,1.2409263301948146,0.20600772428845857
K6_lc0.5_ls1.0_sig0.05_seed2_pool6_shots1024_A10.0,6,0.5,1.0,0.05,2,6,10.0,1024,1.5333333333333332,1.8,-287.6457946929894,111111,1.0,6,3.3963352989970734,2.7281619015516037,3.0647010668254318,1.0324467186041604,0.19062245913213968
K6_lc0.5_ls1.0_sig0.1_seed0_pool6_shots1024_A10.0,6,0.5,1.0,0.1,0,6,10.0,1024,1.5333333333333332,1.8,-293.6002371634064,111110,0.8333333333333334,5,2.6507198325163412,1.869474211642717,0.9322639464400734,-0.7837187802549094,0.05659406395952718
K6_lc0.5_ls1.0_sig0.1_seed1_pool6_shots1024_A10.0,6,0.5,1.0,0.1,1,6,10.0,1024,1.5333333333333332,1.8,-289.578167661395,111111,1.0,6,4.240480174679597,4.036162469572887,3.4662233323974307,1.2438243925042776,0.20622159391691014
K6_lc0.5_ls1.0_sig0.1_seed2_pool6_shots1024_A10.0,6,0.5,1.0,0.1,2,6,10.0,1024,1.5333333333333332,1.8,-287.4403994632552,111111,1.0,6,3.3963352990050826,2.736065473199977,3.0647010668034835,1.0363985043983894,0.19091409087407024
K6_lc0.5_ls2.0_sig0.0_seed0_pool6_shots1024_A10.0,6,0.5,2.0,0.0,0,6,10.0,1024,1.2666666666666666,0.7333333333333334,-344.625,111111,1.0,6,0.0,0.0,6.0,12.0,1.0
K6_lc0.5_ls2.0_sig0.0_seed1_pool6_shots1024_A10.0,6,0.5,2.0,0.0,1,6,10.0,1024,1.2666666666666666,0.7333333333333334,-345.09765625,111111,1.0,6,0.0,0.0,6.0,12.0,1.0
K6_lc0.5_ls2.0_sig0.0_seed2_pool6_shots1024_A10.0,6,0.5,2.0,0.0,2,6,10.0,1024,1.2666666666666666,0.7333333333333334,-344.59375,111111,1.0,6,0.0,0.0,6.0,12.0,1.0
K6_lc0.5_ls2.0_sig0.05_seed0_pool6_shots1024_A10.0,6,0.5,2.0,0.05,0,6,10.0,1024,1.5333333333333332,1.8,-284.1323748215259,111111,1.0,6,3.213090447181125,2.8538004861826582,1.9322639464593876,2.0783376888289795,0.2678065529566402
K6_lc0.5_ls2.0_sig0.05_seed1_pool6_shots1024_A10.0,6,0.5,2.0,0.05,1,6,10.0,1024,1.2666666666666666,1.0,-303.9806404604934,111111,1.0,6,4.240480174660395,4.030366344877617,3.4662233324164013,4.707149662611216,0.46180619135849343
K6_lc0.5_ls2.0_sig0.05_seed2_pool6_shots1024_A10.0,6,0.5,2.0,0.05,2,6,10.0,1024,1.2666666666666666,1.0,-280.9715454504673,111101,0.8333333333333334,5,2.9439325928362834,1.8597601581521488,2.0647010668254318,2.1153496198906545,0.2705379393449137
K6_lc0.5_ls2.0_sig0.1_seed0_pool6_shots1024_A10.0,6,0.5,2.0,0.1,0,6,10.0,1024,1.5333333333333332,1.8,-284.0768964465019,111111,1.0,6,3.213090447208443,2.8694742116310405,1.9322639464400733,2.0861745514872236,0.26838489349109723
K6_lc0.5_ls2.0_sig0.1_seed1_pool6_shots1024_A10.0,6,0.5,2.0,0.1,1,6,10.0,1024,1.2666666666666666,1.0,-304.04815629432215,111111,1.0,6,4.240480174679597,4.036162469572887,3.4662233323974307,4.710047724901708,0.46202006098554504
K6_lc0.5_ls2.0_sig0.1_seed2_pool6_shots1024_A10.0,6,0.5,2.0,0.1,2,6,10.0,1024,1.2666666666666666,1.0,-281.1214266709295,111101,0.8333333333333334,5,2.943932592843226,1.8662335416495721,2.0647010668034835,2.118586311588527,0.2707767989610703
K6_lc1.0_ls0.5_sig0.0_seed0_pool6_shots1024_A10.0,6,1.0,0.5,0.0,0,6,10.0,1024,1.5333333333333332,1.8,-272.11572265625,111111,1.0,6,0.0,0.0,6.0,3.0,0.3358228876656382
K6_lc1.0_ls0.5_sig0.0_seed1_pool6_shots1024_A10.0,6,1.0,0.5,0.0,1,6,10.0,1024,1.5333333333333332,1.8,-272.3359375,111111,1.0,6,0.0,0.0,6.0,3.0,0.3358228876656382
K6_lc1.0_ls0.5_sig0.0_seed2_pool6_shots1024_A10.0,6,1.0,0.5,0.0,2,6,10.0,1024,1.5333333333333332,1.8,-270.89208984375,111111,1.0,6,0.0,0.0,6.0,3.0,0.3358228876656382
K6_lc1.0_ls0.5_sig0.05_seed0_pool6_shots1024_A10.0,6,1.0,0.5,0.05,0,6,10.0,1024,1.5333333333333332,1.8,-288.9959993924408,111111,1.0,6,3.213090447181125,2.8538004861826582,1.9322639464593876,0.6068420122312272,0.15921391414606317
K6_lc1.0_ls0.5_sig0.05_seed1_pool6_shots1024_A10.0,6,1.0,0.5,0.05,1,6,10.0,1024,1.5333333333333332,1.8,-283.4957919692312,111111,1.0,6,4.240480174660395,4.030366344877617,3.4662233324164013,1.5229978364254224,0.22682388411957513
K6_lc1.0_ls0.5_sig0.05_seed2_pool6_shots1024_A10.0,6,1.0,0.5,0.05,2,6,10.0,1024,1.5333333333333332,1.8,-291.3831173640768,111101,0.8333333333333334,5,2.9439325928362834,1.8597601581521488,2.0647010668254318,-0.051821901271418724,0.11060619236061459
K6_lc1.0_ls0.5_sig0.1_seed0_pool6_shots1024_A10.0,6,1.0,0.5,0.1,0,6,10.0,1024,1.5333333333333332,1.8,-288.95606561205403,111111,1.0,6,3.213090447208443,2.8694742116310405,1.9322639464400733,0.6225157376426342,0.16037059522198208
K6_lc1.0_ls0.5_sig0.1_seed1_pool6_shots1024_A10.0,6,1.0,0.5,0.1,1,6,10.0,1024,1.5333333333333332,1.8,-283.6882188871358,111111,1.0,6,4.240480174679597,4.036162469572887,3.4662233323974307,1.5287939610920058,0.2272516233799953
K6_lc1.0_ls0.5_sig0.1_seed2_pool6_shots1024_A10.0,6,1.0,0.5,0.1,2,6,10.0,1024,1.5333333333333332,1.8,-291.2356398227356,111101,0.8333333333333334,5,2.943932592843226,1.8662335416495721,2.0647010668034835,-0.04534851779191196,0.11108391159910923
K6_lc1.0_ls1.0_sig0.0_seed0_pool6_shots1024_A10.0,6,1.0,1.0,0.0,0,6,10.0,1024,1.2666666666666666,1.0,-329.310546875,111111,1.0,6,0.0,0.0,6.0,6.0,0.5572152584437589
K6_lc1.0_ls1.0_sig0.0_seed1_pool6_shots1024_A10.0,6,1.0,1.0,0.0,1,6,10.0,1024,1.2666666666666666,1.0,-329.533203125,111111,1.0,6,0.0,0.0,6.0,6.0,0.5572152584437589
K6_lc1.0_ls1.0_sig0.0_seed2_pool6_shots1024_A10.0,6,1.0,1.0,0.0,2,6,10.0,1024,1.2666666666666666,1.0,-328.7666015625,111111,1.0,6,0.0,0.0,6.0,6.0,0.5572152584437589
K6_lc1.0_ls1.0_sig0.05_seed0_pool6_shots1024_A10.0,6,1.0,1.0,0.05,0,6,10.0,1024,1.5333333333333332,1.8,-281.192398557724,111111,1.0,6,3.213090447181125,2.8538004861826582,1.9322639464593876,1.572973985460921,0.2305119968253517
K6_lc1.0_ls1.0_sig0.05_seed1_pool6_shots1024_A10.0,6,1.0,1.0,0.05,1,6,10.0,1024,1.2666666666666666,1.0,-275.1743344857316,111111,1.0,6,4.240480174660395,4.030366344877617,3.4662233324164013,3.256109502633623,0.3547231176545925
K6_lc1.0_ls1.0_sig0.05_seed2_pool6_shots1024_A10.0,6,1.0,1.0,0.05,2,6,10.0,1024,1.5333333333333332,1.8,-276.8616764782095,111111,1.0,6,3.3963352989970734,2.7281619015516037,3.0647010668254318,2.396527669379962,0.29128816434064886
K6_lc1.0_ls1.0_sig0.1_seed0_pool6_shots1024_A10.0,6,1.0,1.0,0.1,0,6,10.0,1024,1.5333333333333332,1.8,-281.7287322794438,111111,1.0,6,3.213090447208443,2.8694742116310405,1.9322639464400733,1.5886477108626709,0.23166867790055792
K6_lc1.0_ls1.0_sig0.1_seed1_pool6_shots1024_A10.0,6,1.0,1.0,0.1,1,6,10.0,1024,1.2666666666666666,1.0,-274.91141726036807,111111,1.0,6,4.240480174679597,4.036162469572887,3.4662233323974307,3.261905627290721,0.35515085691431275
K6_lc1.0_ls1.0_sig0.1_seed2_pool6_shots1024_A10.0,6,1.0,1.0,0.1,2,6,10.0,1024,1.5333333333333332,1.8,-276.9548132703119,111111,1.0,6,3.3963352990050826,2.736065473199977,3.0647010668034835,2.404431240998378,0.29187142782672076
K6_lc1.0_ls2.0_sig0.0_seed0_pool6_shots1024_A10.0,6,1.0,2.0,0.0,0,6,10.0,1024,1.2666666666666666,0.7333333333333334,-344.625,111111,1.0,6,0.0,0.0,6.0,12.0,1.0
K6_lc1.0_ls2.0_sig0.0_seed1_pool6_shots1024_A10.0,6,1.0,2.0,0.0,1,6,10.0,1024,1.2666666666666666,0.7333333333333334,-345.09765625,111111,1.0,6,0.0,0.0,6.0,12.0,1.0
K6_lc1.0_ls2.0_sig0.0_seed2_pool6_shots1024_A10.0,6,1.0,2.0,0.0,2,6,10.0,1024,1.2666666666666666,0.7333333333333334,-344.59375,111111,1.0,6,0.0,0.0,6.0,12.0,1.0
K6_lc1.0_ls2.0_sig0.05_seed0_pool6_shots1024_A10.0,6,1.0,2.0,0.05,0,6,10.0,1024,1.5333333333333332,1.8,-279.9389522254205,111111,1.0,6,3.213090447181125,2.8538004861826582,1.9322639464593876,3.5052379319203086,0.3731081621839288
K6_lc1.0_ls2.0_sig0.05_seed1_pool6_shots1024_A10.0,6,1.0,2.0,0.05,1,6,10.0,1024,1.2666666666666666,0.7333333333333334,-332.93413794646926,111111,1.0,6,4.240480174660395,4.030366344877617,3.4662233324164013,6.722332835050024,0.6105215847246275
K6_lc1.0_ls2.0_sig0.05_seed2_pool6_shots1024_A10.0,6,1.0,2.0,0.05,2,6,10.0,1024,1.2666666666666666,1.0,-290.1688067394354,111111,1.0,6,3.3963352989970734,2.7281619015516037,3.0647010668254318,5.461228736205394,0.5174553093108881
K6_lc1.0_ls2.0_sig0.1_seed0_pool6_shots1024_A10.0,6,1.0,2.0,0.1,0,6,10.0,1024,1.5333333333333332,1.8,-279.23818921373226,111111,1.0,6,3.213090447208443,2.8694742116310405,1.9322639464400733,3.520911657302744,0.3742648432577097
K6_lc1.0_ls2.0_sig0.1_seed1_pool6_shots1024_A10.0,6,1.0,2.0,0.1,1,6,10.0,1024,1.2666666666666666,0.7333333333333334,-332.8659310263486,111111,1.0,6,4.240480174679597,4.036162469572887,3.4662233323974307,6.728128959688152,0.6109493239829477
K6_lc1.0_ls2.0_sig0.1_seed2_pool6_shots1024_A10.0,6,1.0,2.0,0.1,2,6,10.0,1024,1.2666666666666666,1.0,-289.9819112522405,111111,1.0,6,3.3963352990050826,2.736065473199977,3.0647010668034835,5.469132307801861,0.5180385727953403
K6_lc2.0_ls0.5_sig0.0_seed0_pool6_shots1024_A10.0,6,2.0,0.5,0.0,0,6,10.0,1024,1.5333333333333332,1.8,-272.11572265625,111111,1.0,6,0.0,0.0,6.0,3.0,0.3358228876656382
K6_lc2.0_ls0.5_sig0.0_seed1_pool6_shots1024_A10.0,6,2.0,0.5,0.0,1,6,10.0,1024,1.5333333333333332,1.8,-272.3359375,111111,1.0,6,0.0,0.0,6.0,3.0,0.3358228876656382
K6_lc2.0_ls0.5_sig0.0_seed2_pool6_shots1024_A10.0,6,2.0,0.5,0.0,2,6,10.0,1024,1.5333333333333332,1.8,-270.89208984375,111111,1.0,6,0.0,0.0,6.0,3.0,0.3358228876656382
K6_lc2.0_ls0.5_sig0.05_seed0_pool6_shots1024_A10.0,6,2.0,0.5,0.05,0,6,10.0,1024,1.0,1.2666666666666666,-268.14242087965783,111111,1.0,6,3.213090447181125,2.8538004861826582,1.9322639464593876,3.4606424984138853,0.3698171326006404
K6_lc2.0_ls0.5_sig0.05_seed1_pool6_shots1024_A10.0,6,2.0,0.5,0.05,1,6,10.0,1024,1.2666666666666666,0.7333333333333334,-317.84437892446715,111111,1.0,6,4.240480174660395,4.030366344877617,3.4662233324164013,5.553364181303039,0.5242546708518431
K6_lc2.0_ls0.5_sig0.05_seed2_pool6_shots1024_A10.0,6,2.0,0.5,0.05,2,6,10.0,1024,1.0,1.2666666666666666,-270.5349018822322,111111,1.0,6,3.3963352989970734,2.7281619015516037,3.0647010668254318,3.5923390375188498,0.37953600227254763
K6_lc2.0_ls0.5_sig0.1_seed0_pool6_shots1024_A10.0,6,2.0,0.5,0.1,0,6,10.0,1024,1.0,1.2666666666666666,-267.87103225155255,111111,1.0,6,3.213090447208443,2.8694742116310405,1.9322639464400733,3.491989949273675,0.372130494755207
K6_lc2.0_ls0.5_sig0.1_seed1_pool6_shots1024_A10.0,6,2.0,0.5,0.1,1,6,10.0,1024,1.2666666666666666,0.7333333333333334,-318.0106556459074,111111,1.0,6,4.240480174679597,4.036162469572887,3.4662233323974307,5.564956430664893,0.5251101493748005
K6_lc2.0_ls0.5_sig0.1_seed2_pool6_shots1024_A10.0,6,2.0,0.5,0.1,2,6,10.0,1024,1.0,1.2666666666666666,-270.47219211690077,111111,1.0,6,3.3963352990050826,2.736065473199977,3.0647010668034835,3.608146180796613,0.38070252924771214
K6_lc2.0_ls1.0_sig0.0_seed0_pool6_shots1024_A10.0,6,2.0,1.0,0.0,0,6,10.0,1024,1.2666666666666666,1.0,-329.310546875,111111,1.0,6,0.0,0.0,6.0,6.0,0.5572152584437589
K6_lc2.0_ls1.0_sig0.0_seed1_pool6_shots1024_A10.0,6,2.0,1.0,0.0,1,6,10.0,1024,1.2666666666666666,1.0,-329.533203125,111111,1.0,6,0.0,0.0,6.0,6.0,0.5572152584437589
K6_lc2.0_ls1.0_sig0.0_seed2_pool6_shots1024_A10.0,6,2.0,1.0,0.0,2,6,10.0,1024,1.2666666666666666,1.0,-328.7666015625,111111,1.0,6,0.0,0.0,6.0,6.0,0.5572152584437589
K6_lc2.0_ls1.0_sig0.05_seed0_pool6_shots1024_A10.0,6,2.0,1.0,0.05,0,6,10.0,1024,1.0,1.2666666666666666,-268.967285185529,111111,1.0,6,3.213090447181125,2.8538004861826582,1.9322639464593876,4.426774471643579,0.44111521527992903
K6_lc2.0_ls1.0_sig0.05_seed1_pool6_shots1024_A10.0,6,2.0,1.0,0.05,1,6,10.0,1024,1.2666666666666666,0.7333333333333334,-332.59972076196107,111111,1.0,6,4.240480174660395,4.030366344877617,3.4662233324164013,7.28647584751124,0.6521539043868606
K6_lc2.0_ls1.0_sig0.05_seed2_pool6_shots1024_A10.0,6,2.0,1.0,0.05,2,6,10.0,1024,1.2666666666666666,1.0,-287.16960174398884,111111,1.0,6,3.3963352989970734,2.7281619015516037,3.0647010668254318,5.124689570931565,0.49261957475766727
K6_lc2.0_ls1.0_sig0.1_seed0_pool6_shots1024_A10.0,6,2.0,1.0,0.1,0,6,10.0,1024,1.0,1.2666666666666666,-269.04991999675417,111111,1.0,6,3.213090447208443,2.8694742116310405,1.9322639464400733,4.458121922493712,0.44342857743378283
K6_lc2.0_ls1.0_sig0.1_seed1_pool6_shots1024_A10.0,6,2.0,1.0,0.1,1,6,10.0,1024,1.2666666666666666,0.7333333333333334,-332.50732539578655,111111,1.0,6,4.240480174679597,4.036162469572887,3.4662233323974307,7.2980680968636085,0.6530093829091179
K6_lc2.0_ls1.0_sig0.1_seed2_pool6_shots1024_A10.0,6,2.0,1.0,0.1,2,6,10.0,1024,1.2666666666666666,1.0,-288.3431398565937,111111,1.0,6,3.3963352990050826,2.736065473199977,3.0647010668034835,5.140496714198354,0.49378610173202186
K6_lc2.0_ls2.0_sig0.0_seed0_pool6_shots1024_A10.0,6,2.0,2.0,0.0,0,6,10.0,1024,1.2666666666666666,0.7333333333333334,-344.625,111111,1.0,6,0.0,0.0,6.0,12.0,1.0
K6_lc2.0_ls2.0_sig0.0_seed1_pool6_shots1024_A10.0,6,2.0,2.0,0.0,1,6,10.0,1024,1.2666666666666666,0.7333333333333334,-345.09765625,111111,1.0,6,0.0,0.0,6.0,12.0,1.0
K6_lc2.0_ls2.0_sig0.0_seed2_pool6_shots1024_A10.0,6,2.0,2.0,0.0,2,6,10.0,1024,1.2666666666666666,0.7333333333333334,-344.59375,111111,1.0,6,0.0,0.0,6.0,12.0,1.0
K6_lc2.0_ls2.0_sig0.05_seed0_pool6_shots1024_A10.0,6,2.0,2.0,0.05,0,6,10.0,1024,1.5333333333333332,1.8,-270.1668516130769,111111,1.0,6,3.213090447181125,2.8538004861826582,1.9322639464593876,6.359038418102967,0.5837113806385061
K6_lc2.0_ls2.0_sig0.05_seed1_pool6_shots1024_A10.0,6,2.0,2.0,0.05,1,6,10.0,1024,1.2666666666666666,0.7333333333333334,-334.8939972950438,111111,1.0,6,4.240480174660395,4.030366344877617,3.4662233324164013,10.752699179927642,0.9079523714568956
K6_lc2.0_ls2.0_sig0.05_seed2_pool6_shots1024_A10.0,6,2.0,2.0,0.05,2,6,10.0,1024,1.2666666666666666,1.0,-310.7896242524569,111111,1.0,6,3.3963352989970734,2.7281619015516037,3.0647010668254318,8.189390637756997,0.7187867197279065
K6_lc2.0_ls2.0_sig0.1_seed0_pool6_shots1024_A10.0,6,2.0,2.0,0.1,0,6,10.0,1024,1.5333333333333332,1.8,-269.9285863940412,111111,1.0,6,3.213090447208443,2.8694742116310405,1.9322639464400733,6.390385868933785,0.5860247427909345
K6_lc2.0_ls2.0_sig0.1_seed1_pool6_shots1024_A10.0,6,2.0,2.0,0.1,1,6,10.0,1024,1.2666666666666666,0.7333333333333334,-334.9631131416666,111111,1.0,6,4.240480174679597,4.036162469572887,3.4662233323974307,10.76429142926104,0.9088078499777529
K6_lc2.0_ls2.0_sig0.1_seed2_pool6_shots1024_A10.0,6,2.0,2.0,0.1,2,6,10.0,1024,1.2666666666666666,0.7333333333333334,-311.0485193606262,111111,1.0,6,3.3963352990050826,2.736065473199977,3.0647010668034835,8.20519778100184,0.7199532467006414
