nct_id,brief_title,overall_status,phase,conditions,interventions,location_countries,lead_sponsor,lead_sponsor_norm,region_label,estimated_trial_cost,enrollment_feasibility_score,benefit_score,qubo_var_index,_benefit_raw,_cost_raw,_feas_raw,_benefit,_cost,_safety,config_id,K,lambda_cost,lambda_safety,noise_sigma,seed,pool_size,penalty_A,shots,gamma_0,beta_0
NCT05823714,Venetoclax+Azacytidine+Modified BUCY Conditioning Regimen for Acute Myeloid Leukemia and Myelodysplastic Syndromes Undergoing Allo-HSCT,Recruiting,Phase 2,"['Allogeneic Hematopoietic Stem Cell Transplantation'
 'Acute Myeloid Leukemia' 'Myelodysplastic Syndrome']",['VEN+AZA+Modified BUCY'],['China'],The First Affiliated Hospital of Soochow University,The First Affiliated Hospital of Soochow University,Global / Multi-Region,2.0,1.0,0.6,1,0.6,2.0,1.0,0.0,0.0,1.0,K6_lc0.5_ls2.0_sig0.0_seed0_pool6_shots1024_A10.0,6,0.5,2.0,0.0,0,6,10.0,1024,1.2666666666666666,0.7333333333333334
NCT05821556,Valproic Acid/Simvastatin Plus Gemcitabine/Nab-paclitaxel Based Regimens in Untreated Metastatic Pancreatic Adenocarcinoma Patients,Recruiting,Phase 2,['Adenocarcinoma of the Pancreas'],"['Valproic acid' 'Simvastatin 20mg' 'Gemcitabine 1000 mg' 'Nab paclitaxel'
 'Cisplatin' 'Capecitabine']",['Italy' 'Spain'],"National Cancer Institute, Naples","National Cancer Institute, Naples",Global / Multi-Region,2.0,1.0,0.6,5,0.6,2.0,1.0,0.0,0.0,1.0,K6_lc0.5_ls2.0_sig0.0_seed0_pool6_shots1024_A10.0,6,0.5,2.0,0.0,0,6,10.0,1024,1.2666666666666666,0.7333333333333334
NCT05820906,Cadonilimab Plus Regorafenib and Gem-Cis Chemotherapy in Advanced Biliary Tract Cancer,Recruiting,Phase 2,['Advanced Biliary Tract Cancer'],['Cadonilimab+Regorafenib+GC'],['China'],Tianjin Medical University Cancer Institute and Hospital,Tianjin Medical University Cancer Institute and Hospital,Global / Multi-Region,2.0,1.0,0.6,8,0.6,2.0,1.0,0.0,0.0,1.0,K6_lc0.5_ls2.0_sig0.0_seed0_pool6_shots1024_A10.0,6,0.5,2.0,0.0,0,6,10.0,1024,1.2666666666666666,0.7333333333333334
NCT00999804,Extension Study of Lapatinib Plus Herceptin With or Without Endocrine Therapy,"Active, not recruiting",Phase 2,['Breast Cancer'],['Lapatinib' 'Letrozole' 'Trastuzumab'],['United States'],Baylor Breast Care Center,Baylor Breast Care Center,Global / Multi-Region,2.0,1.0,0.6,9,0.6,2.0,1.0,0.0,0.0,1.0,K6_lc0.5_ls2.0_sig0.0_seed0_pool6_shots1024_A10.0,6,0.5,2.0,0.0,0,6,10.0,1024,1.2666666666666666,0.7333333333333334
NCT05816746,Decitabine and Anti-PD-1 in R/R DLBCL,Recruiting,Phase 2,"['Diffuse Large B Cell Lymphoma' 'Relapse/Recurrence'
 'Extranodal Extension' 'Central Nervous System Lymphoma']",['Low-Dose Decitabine plus anti-PD-1'],['China'],Chinese PLA General Hospital,Chinese PLA General Hospital,Global / Multi-Region,2.0,1.0,0.6,13,0.6,2.0,1.0,0.0,0.0,1.0,K6_lc0.5_ls2.0_sig0.0_seed0_pool6_shots1024_A10.0,6,0.5,2.0,0.0,0,6,10.0,1024,1.2666666666666666,0.7333333333333334
NCT05816655,"Comparison of Clinical Efficacy Between Letrozole + Ribociclib and Fulvestrant + Letrozole + Ribociclib in Hormone Receptor Positive, HER2 Negative Metastatic Breast Cancer",Recruiting,Phase 2,['Metastatic Breast Cancer'],['Fulvestrant plus AI plus ribociclib' 'AI plus ribociclib'],['South Korea'],Korea University Guro Hospital,Korea University Guro Hospital,Global / Multi-Region,2.0,1.0,0.6,14,0.6,2.0,1.0,0.0,0.0,1.0,K6_lc0.5_ls2.0_sig0.0_seed0_pool6_shots1024_A10.0,6,0.5,2.0,0.0,0,6,10.0,1024,1.2666666666666666,0.7333333333333334
NCT05823714,Venetoclax+Azacytidine+Modified BUCY Conditioning Regimen for Acute Myeloid Leukemia and Myelodysplastic Syndromes Undergoing Allo-HSCT,Recruiting,Phase 2,"['Allogeneic Hematopoietic Stem Cell Transplantation'
 'Acute Myeloid Leukemia' 'Myelodysplastic Syndrome']",['VEN+AZA+Modified BUCY'],['China'],The First Affiliated Hospital of Soochow University,The First Affiliated Hospital of Soochow University,Global / Multi-Region,2.0,1.0,0.6,1,0.6,2.0,1.0,0.0,0.0,1.0,K6_lc1.0_ls2.0_sig0.0_seed0_pool6_shots1024_A10.0,6,1.0,2.0,0.0,0,6,10.0,1024,1.2666666666666666,0.7333333333333334
NCT05821556,Valproic Acid/Simvastatin Plus Gemcitabine/Nab-paclitaxel Based Regimens in Untreated Metastatic Pancreatic Adenocarcinoma Patients,Recruiting,Phase 2,['Adenocarcinoma of the Pancreas'],"['Valproic acid' 'Simvastatin 20mg' 'Gemcitabine 1000 mg' 'Nab paclitaxel'
 'Cisplatin' 'Capecitabine']",['Italy' 'Spain'],"National Cancer Institute, Naples","National Cancer Institute, Naples",Global / Multi-Region,2.0,1.0,0.6,5,0.6,2.0,1.0,0.0,0.0,1.0,K6_lc1.0_ls2.0_sig0.0_seed0_pool6_shots1024_A10.0,6,1.0,2.0,0.0,0,6,10.0,1024,1.2666666666666666,0.7333333333333334
NCT05820906,Cadonilimab Plus Regorafenib and Gem-Cis Chemotherapy in Advanced Biliary Tract Cancer,Recruiting,Phase 2,['Advanced Biliary Tract Cancer'],['Cadonilimab+Regorafenib+GC'],['China'],Tianjin Medical University Cancer Institute and Hospital,Tianjin Medical University Cancer Institute and Hospital,Global / Multi-Region,2.0,1.0,0.6,8,0.6,2.0,1.0,0.0,0.0,1.0,K6_lc1.0_ls2.0_sig0.0_seed0_pool6_shots1024_A10.0,6,1.0,2.0,0.0,0,6,10.0,1024,1.2666666666666666,0.7333333333333334
NCT00999804,Extension Study of Lapatinib Plus Herceptin With or Without Endocrine Therapy,"Active, not recruiting",Phase 2,['Breast Cancer'],['Lapatinib' 'Letrozole' 'Trastuzumab'],['United States'],Baylor Breast Care Center,Baylor Breast Care Center,Global / Multi-Region,2.0,1.0,0.6,9,0.6,2.0,1.0,0.0,0.0,1.0,K6_lc1.0_ls2.0_sig0.0_seed0_pool6_shots1024_A10.0,6,1.0,2.0,0.0,0,6,10.0,1024,1.2666666666666666,0.7333333333333334
NCT05816746,Decitabine and Anti-PD-1 in R/R DLBCL,Recruiting,Phase 2,"['Diffuse Large B Cell Lymphoma' 'Relapse/Recurrence'
 'Extranodal Extension' 'Central Nervous System Lymphoma']",['Low-Dose Decitabine plus anti-PD-1'],['China'],Chinese PLA General Hospital,Chinese PLA General Hospital,Global / Multi-Region,2.0,1.0,0.6,13,0.6,2.0,1.0,0.0,0.0,1.0,K6_lc1.0_ls2.0_sig0.0_seed0_pool6_shots1024_A10.0,6,1.0,2.0,0.0,0,6,10.0,1024,1.2666666666666666,0.7333333333333334
NCT05816655,"Comparison of Clinical Efficacy Between Letrozole + Ribociclib and Fulvestrant + Letrozole + Ribociclib in Hormone Receptor Positive, HER2 Negative Metastatic Breast Cancer",Recruiting,Phase 2,['Metastatic Breast Cancer'],['Fulvestrant plus AI plus ribociclib' 'AI plus ribociclib'],['South Korea'],Korea University Guro Hospital,Korea University Guro Hospital,Global / Multi-Region,2.0,1.0,0.6,14,0.6,2.0,1.0,0.0,0.0,1.0,K6_lc1.0_ls2.0_sig0.0_seed0_pool6_shots1024_A10.0,6,1.0,2.0,0.0,0,6,10.0,1024,1.2666666666666666,0.7333333333333334
NCT05823714,Venetoclax+Azacytidine+Modified BUCY Conditioning Regimen for Acute Myeloid Leukemia and Myelodysplastic Syndromes Undergoing Allo-HSCT,Recruiting,Phase 2,"['Allogeneic Hematopoietic Stem Cell Transplantation'
 'Acute Myeloid Leukemia' 'Myelodysplastic Syndrome']",['VEN+AZA+Modified BUCY'],['China'],The First Affiliated Hospital of Soochow University,The First Affiliated Hospital of Soochow University,Global / Multi-Region,2.0,1.0,0.6,1,0.6,2.0,1.0,0.0,0.0,1.0,K6_lc2.0_ls2.0_sig0.0_seed0_pool6_shots1024_A10.0,6,2.0,2.0,0.0,0,6,10.0,1024,1.2666666666666666,0.7333333333333334
NCT05821556,Valproic Acid/Simvastatin Plus Gemcitabine/Nab-paclitaxel Based Regimens in Untreated Metastatic Pancreatic Adenocarcinoma Patients,Recruiting,Phase 2,['Adenocarcinoma of the Pancreas'],"['Valproic acid' 'Simvastatin 20mg' 'Gemcitabine 1000 mg' 'Nab paclitaxel'
 'Cisplatin' 'Capecitabine']",['Italy' 'Spain'],"National Cancer Institute, Naples","National Cancer Institute, Naples",Global / Multi-Region,2.0,1.0,0.6,5,0.6,2.0,1.0,0.0,0.0,1.0,K6_lc2.0_ls2.0_sig0.0_seed0_pool6_shots1024_A10.0,6,2.0,2.0,0.0,0,6,10.0,1024,1.2666666666666666,0.7333333333333334
NCT05820906,Cadonilimab Plus Regorafenib and Gem-Cis Chemotherapy in Advanced Biliary Tract Cancer,Recruiting,Phase 2,['Advanced Biliary Tract Cancer'],['Cadonilimab+Regorafenib+GC'],['China'],Tianjin Medical University Cancer Institute and Hospital,Tianjin Medical University Cancer Institute and Hospital,Global / Multi-Region,2.0,1.0,0.6,8,0.6,2.0,1.0,0.0,0.0,1.0,K6_lc2.0_ls2.0_sig0.0_seed0_pool6_shots1024_A10.0,6,2.0,2.0,0.0,0,6,10.0,1024,1.2666666666666666,0.7333333333333334
NCT00999804,Extension Study of Lapatinib Plus Herceptin With or Without Endocrine Therapy,"Active, not recruiting",Phase 2,['Breast Cancer'],['Lapatinib' 'Letrozole' 'Trastuzumab'],['United States'],Baylor Breast Care Center,Baylor Breast Care Center,Global / Multi-Region,2.0,1.0,0.6,9,0.6,2.0,1.0,0.0,0.0,1.0,K6_lc2.0_ls2.0_sig0.0_seed0_pool6_shots1024_A10.0,6,2.0,2.0,0.0,0,6,10.0,1024,1.2666666666666666,0.7333333333333334
NCT05816746,Decitabine and Anti-PD-1 in R/R DLBCL,Recruiting,Phase 2,"['Diffuse Large B Cell Lymphoma' 'Relapse/Recurrence'
 'Extranodal Extension' 'Central Nervous System Lymphoma']",['Low-Dose Decitabine plus anti-PD-1'],['China'],Chinese PLA General Hospital,Chinese PLA General Hospital,Global / Multi-Region,2.0,1.0,0.6,13,0.6,2.0,1.0,0.0,0.0,1.0,K6_lc2.0_ls2.0_sig0.0_seed0_pool6_shots1024_A10.0,6,2.0,2.0,0.0,0,6,10.0,1024,1.2666666666666666,0.7333333333333334
NCT05816655,"Comparison of Clinical Efficacy Between Letrozole + Ribociclib and Fulvestrant + Letrozole + Ribociclib in Hormone Receptor Positive, HER2 Negative Metastatic Breast Cancer",Recruiting,Phase 2,['Metastatic Breast Cancer'],['Fulvestrant plus AI plus ribociclib' 'AI plus ribociclib'],['South Korea'],Korea University Guro Hospital,Korea University Guro Hospital,Global / Multi-Region,2.0,1.0,0.6,14,0.6,2.0,1.0,0.0,0.0,1.0,K6_lc2.0_ls2.0_sig0.0_seed0_pool6_shots1024_A10.0,6,2.0,2.0,0.0,0,6,10.0,1024,1.2666666666666666,0.7333333333333334
NCT05823714,Venetoclax+Azacytidine+Modified BUCY Conditioning Regimen for Acute Myeloid Leukemia and Myelodysplastic Syndromes Undergoing Allo-HSCT,Recruiting,Phase 2,"['Allogeneic Hematopoietic Stem Cell Transplantation'
 'Acute Myeloid Leukemia' 'Myelodysplastic Syndrome']",['VEN+AZA+Modified BUCY'],['China'],The First Affiliated Hospital of Soochow University,The First Affiliated Hospital of Soochow University,Global / Multi-Region,2.0,1.0,0.6,1,0.6125730221093393,2.130400004513014,0.7674969225361166,0.5623706146921016,0.9999999999883238,1.0,K6_lc2.0_ls2.0_sig0.1_seed0_pool6_shots1024_A10.0,6,2.0,2.0,0.1,0,6,10.0,1024,1.5333333333333332,1.8
NCT05821556,Valproic Acid/Simvastatin Plus Gemcitabine/Nab-paclitaxel Based Regimens in Untreated Metastatic Pancreatic Adenocarcinoma Patients,Recruiting,Phase 2,['Adenocarcinoma of the Pancreas'],"['Valproic acid' 'Simvastatin 20mg' 'Gemcitabine 1000 mg' 'Nab paclitaxel'
 'Cisplatin' 'Capecitabine']",['Italy' 'Spain'],"National Cancer Institute, Naples","National Cancer Institute, Naples",Global / Multi-Region,2.0,1.0,0.6,5,0.5867895136708698,2.094708096312924,0.9781208336067454,0.34314024903388574,0.8661071688710001,4.747868764809482e-12,K6_lc2.0_ls2.0_sig0.1_seed0_pool6_shots1024_A10.0,6,2.0,2.0,0.1,0,6,10.0,1024,1.5333333333333332,1.8
NCT05820906,Cadonilimab Plus Regorafenib and Gem-Cis Chemotherapy in Advanced Biliary Tract Cancer,Recruiting,Phase 2,['Advanced Biliary Tract Cancer'],['Cadonilimab+Regorafenib+GC'],['China'],Tianjin Medical University Cancer Institute and Hospital,Tianjin Medical University Cancer Institute and Hospital,Global / Multi-Region,2.0,1.0,0.6,8,0.6640422650443282,1.9296264764193007,0.8754089052746935,0.9999999999914972,0.22603628356359176,0.48765559337715314,K6_lc2.0_ls2.0_sig0.1_seed0_pool6_shots1024_A10.0,6,2.0,2.0,0.1,0,6,10.0,1024,1.5333333333333332,1.8
NCT00999804,Extension Study of Lapatinib Plus Herceptin With or Without Endocrine Therapy,"Active, not recruiting",Phase 2,['Breast Cancer'],['Lapatinib' 'Letrozole' 'Trastuzumab'],['United States'],Baylor Breast Care Center,Baylor Breast Care Center,Global / Multi-Region,2.0,1.0,0.6,9,0.6104900117153039,1.8734578528953947,0.9267732645296548,0.5446593272059932,0.0,0.24378793849587355,K6_lc2.0_ls2.0_sig0.1_seed0_pool6_shots1024_A10.0,6,2.0,2.0,0.1,0,6,10.0,1024,1.5333333333333332,1.8
NCT05816746,Decitabine and Anti-PD-1 in R/R DLBCL,Recruiting,Phase 2,"['Diffuse Large B Cell Lymphoma' 'Relapse/Recurrence'
 'Extranodal Extension' 'Central Nervous System Lymphoma']",['Low-Dose Decitabine plus anti-PD-1'],['China'],Chinese PLA General Hospital,Chinese PLA General Hospital,Global / Multi-Region,2.0,1.0,0.6,13,0.5464330626838889,1.9376725537462647,0.945574101714269,0.0,0.2580603108616418,0.154525342008334,K6_lc2.0_ls2.0_sig0.1_seed0_pool6_shots1024_A10.0,6,2.0,2.0,0.1,0,6,10.0,1024,1.5333333333333332,1.8
NCT05816655,"Comparison of Clinical Efficacy Between Letrozole + Ribociclib and Fulvestrant + Letrozole + Ribociclib in Hormone Receptor Positive, HER2 Negative Metastatic Breast Cancer",Recruiting,Phase 2,['Metastatic Breast Cancer'],['Fulvestrant plus AI plus ribociclib' 'AI plus ribociclib'],['South Korea'],Korea University Guro Hospital,Korea University Guro Hospital,Global / Multi-Region,2.0,1.0,0.6,14,0.6361595054909485,2.004132597934724,0.9683699843630845,0.762920256284965,0.5192704483464833,0.04629507255396481,K6_lc2.0_ls2.0_sig0.1_seed0_pool6_shots1024_A10.0,6,2.0,2.0,0.1,0,6,10.0,1024,1.5333333333333332,1.8
NCT05823714,Venetoclax+Azacytidine+Modified BUCY Conditioning Regimen for Acute Myeloid Leukemia and Myelodysplastic Syndromes Undergoing Allo-HSCT,Recruiting,Phase 2,"['Allogeneic Hematopoietic Stem Cell Transplantation'
 'Acute Myeloid Leukemia' 'Myelodysplastic Syndrome']",['VEN+AZA+Modified BUCY'],['China'],The First Affiliated Hospital of Soochow University,The First Affiliated Hospital of Soochow University,Global / Multi-Region,2.0,1.0,0.6,1,0.6062865110546697,2.065200002256507,0.8837484612680583,0.5623706146873213,0.9999999999766446,1.0,K6_lc2.0_ls2.0_sig0.05_seed0_pool6_shots1024_A10.0,6,2.0,2.0,0.05,0,6,10.0,1024,1.5333333333333332,1.8
NCT05821556,Valproic Acid/Simvastatin Plus Gemcitabine/Nab-paclitaxel Based Regimens in Untreated Metastatic Pancreatic Adenocarcinoma Patients,Recruiting,Phase 2,['Adenocarcinoma of the Pancreas'],"['Valproic acid' 'Simvastatin 20mg' 'Gemcitabine 1000 mg' 'Nab paclitaxel'
 'Cisplatin' 'Capecitabine']",['Italy' 'Spain'],"National Cancer Institute, Naples","National Cancer Institute, Naples",Global / Multi-Region,2.0,1.0,0.6,5,0.5933947568354349,2.0473540481564623,0.9890604168033728,0.3431402490309678,0.8636241594460087,9.495626507316501e-12,K6_lc2.0_ls2.0_sig0.05_seed0_pool6_shots1024_A10.0,6,2.0,2.0,0.05,0,6,10.0,1024,1.5333333333333332,1.8
NCT05820906,Cadonilimab Plus Regorafenib and Gem-Cis Chemotherapy in Advanced Biliary Tract Cancer,Recruiting,Phase 2,['Advanced Biliary Tract Cancer'],['Cadonilimab+Regorafenib+GC'],['China'],Tianjin Medical University Cancer Institute and Hospital,Tianjin Medical University Cancer Institute and Hospital,Global / Multi-Region,2.0,1.0,0.6,8,0.6320211325221641,1.9648132382096504,0.9377044526373467,0.9999999999829946,0.22229039451980434,0.4876555933795865,K6_lc2.0_ls2.0_sig0.05_seed0_pool6_shots1024_A10.0,6,2.0,2.0,0.05,0,6,10.0,1024,1.5333333333333332,1.8
NCT00999804,Extension Study of Lapatinib Plus Herceptin With or Without Endocrine Therapy,"Active, not recruiting",Phase 2,['Breast Cancer'],['Lapatinib' 'Letrozole' 'Trastuzumab'],['United States'],Baylor Breast Care Center,Baylor Breast Care Center,Global / Multi-Region,2.0,1.0,0.6,9,0.605245005857652,1.9367289264476975,0.9633866322648275,0.5446593272013626,0.0,0.24378793849946379,K6_lc2.0_ls2.0_sig0.05_seed0_pool6_shots1024_A10.0,6,2.0,2.0,0.05,0,6,10.0,1024,1.5333333333333332,1.8
NCT05816746,Decitabine and Anti-PD-1 in R/R DLBCL,Recruiting,Phase 2,"['Diffuse Large B Cell Lymphoma' 'Relapse/Recurrence'
 'Extranodal Extension' 'Central Nervous System Lymphoma']",['Low-Dose Decitabine plus anti-PD-1'],['China'],Chinese PLA General Hospital,Chinese PLA General Hospital,Global / Multi-Region,2.0,1.0,0.6,13,0.5732165313419444,1.9688362768731325,0.9727870508571345,0.0,0.25396064731276236,0.15452534201234913,K6_lc2.0_ls2.0_sig0.05_seed0_pool6_shots1024_A10.0,6,2.0,2.0,0.05,0,6,10.0,1024,1.5333333333333332,1.8
NCT05816655,"Comparison of Clinical Efficacy Between Letrozole + Ribociclib and Fulvestrant + Letrozole + Ribociclib in Hormone Receptor Positive, HER2 Negative Metastatic Breast Cancer",Recruiting,Phase 2,['Metastatic Breast Cancer'],['Fulvestrant plus AI plus ribociclib' 'AI plus ribociclib'],['South Korea'],Korea University Guro Hospital,Korea University Guro Hospital,Global / Multi-Region,2.0,1.0,0.6,14,0.6180797527454742,2.002066298967362,0.9841849921815423,0.7629202562784784,0.5139252849274385,0.046295072558492745,K6_lc2.0_ls2.0_sig0.05_seed0_pool6_shots1024_A10.0,6,2.0,2.0,0.05,0,6,10.0,1024,1.5333333333333332,1.8
NCT05823714,Venetoclax+Azacytidine+Modified BUCY Conditioning Regimen for Acute Myeloid Leukemia and Myelodysplastic Syndromes Undergoing Allo-HSCT,Recruiting,Phase 2,"['Allogeneic Hematopoietic Stem Cell Transplantation'
 'Acute Myeloid Leukemia' 'Myelodysplastic Syndrome']",['VEN+AZA+Modified BUCY'],['China'],The First Affiliated Hospital of Soochow University,The First Affiliated Hospital of Soochow University,Global / Multi-Region,2.0,1.0,0.6,1,0.6,2.0,1.0,0.0,0.0,1.0,K6_lc0.5_ls1.0_sig0.0_seed0_pool6_shots1024_A10.0,6,0.5,1.0,0.0,0,6,10.0,1024,1.2666666666666666,1.0
NCT05821556,Valproic Acid/Simvastatin Plus Gemcitabine/Nab-paclitaxel Based Regimens in Untreated Metastatic Pancreatic Adenocarcinoma Patients,Recruiting,Phase 2,['Adenocarcinoma of the Pancreas'],"['Valproic acid' 'Simvastatin 20mg' 'Gemcitabine 1000 mg' 'Nab paclitaxel'
 'Cisplatin' 'Capecitabine']",['Italy' 'Spain'],"National Cancer Institute, Naples","National Cancer Institute, Naples",Global / Multi-Region,2.0,1.0,0.6,5,0.6,2.0,1.0,0.0,0.0,1.0,K6_lc0.5_ls1.0_sig0.0_seed0_pool6_shots1024_A10.0,6,0.5,1.0,0.0,0,6,10.0,1024,1.2666666666666666,1.0
NCT05820906,Cadonilimab Plus Regorafenib and Gem-Cis Chemotherapy in Advanced Biliary Tract Cancer,Recruiting,Phase 2,['Advanced Biliary Tract Cancer'],['Cadonilimab+Regorafenib+GC'],['China'],Tianjin Medical University Cancer Institute and Hospital,Tianjin Medical University Cancer Institute and Hospital,Global / Multi-Region,2.0,1.0,0.6,8,0.6,2.0,1.0,0.0,0.0,1.0,K6_lc0.5_ls1.0_sig0.0_seed0_pool6_shots1024_A10.0,6,0.5,1.0,0.0,0,6,10.0,1024,1.2666666666666666,1.0
NCT00999804,Extension Study of Lapatinib Plus Herceptin With or Without Endocrine Therapy,"Active, not recruiting",Phase 2,['Breast Cancer'],['Lapatinib' 'Letrozole' 'Trastuzumab'],['United States'],Baylor Breast Care Center,Baylor Breast Care Center,Global / Multi-Region,2.0,1.0,0.6,9,0.6,2.0,1.0,0.0,0.0,1.0,K6_lc0.5_ls1.0_sig0.0_seed0_pool6_shots1024_A10.0,6,0.5,1.0,0.0,0,6,10.0,1024,1.2666666666666666,1.0
NCT05816746,Decitabine and Anti-PD-1 in R/R DLBCL,Recruiting,Phase 2,"['Diffuse Large B Cell Lymphoma' 'Relapse/Recurrence'
 'Extranodal Extension' 'Central Nervous System Lymphoma']",['Low-Dose Decitabine plus anti-PD-1'],['China'],Chinese PLA General Hospital,Chinese PLA General Hospital,Global / Multi-Region,2.0,1.0,0.6,13,0.6,2.0,1.0,0.0,0.0,1.0,K6_lc0.5_ls1.0_sig0.0_seed0_pool6_shots1024_A10.0,6,0.5,1.0,0.0,0,6,10.0,1024,1.2666666666666666,1.0
NCT05816655,"Comparison of Clinical Efficacy Between Letrozole + Ribociclib and Fulvestrant + Letrozole + Ribociclib in Hormone Receptor Positive, HER2 Negative Metastatic Breast Cancer",Recruiting,Phase 2,['Metastatic Breast Cancer'],['Fulvestrant plus AI plus ribociclib' 'AI plus ribociclib'],['South Korea'],Korea University Guro Hospital,Korea University Guro Hospital,Global / Multi-Region,2.0,1.0,0.6,14,0.6,2.0,1.0,0.0,0.0,1.0,K6_lc0.5_ls1.0_sig0.0_seed0_pool6_shots1024_A10.0,6,0.5,1.0,0.0,0,6,10.0,1024,1.2666666666666666,1.0
NCT05823714,Venetoclax+Azacytidine+Modified BUCY Conditioning Regimen for Acute Myeloid Leukemia and Myelodysplastic Syndromes Undergoing Allo-HSCT,Recruiting,Phase 2,"['Allogeneic Hematopoietic Stem Cell Transplantation'
 'Acute Myeloid Leukemia' 'Myelodysplastic Syndrome']",['VEN+AZA+Modified BUCY'],['China'],The First Affiliated Hospital of Soochow University,The First Affiliated Hospital of Soochow University,Global / Multi-Region,2.0,1.0,0.6,1,0.6,2.0,1.0,0.0,0.0,1.0,K6_lc1.0_ls1.0_sig0.0_seed0_pool6_shots1024_A10.0,6,1.0,1.0,0.0,0,6,10.0,1024,1.2666666666666666,1.0
NCT05821556,Valproic Acid/Simvastatin Plus Gemcitabine/Nab-paclitaxel Based Regimens in Untreated Metastatic Pancreatic Adenocarcinoma Patients,Recruiting,Phase 2,['Adenocarcinoma of the Pancreas'],"['Valproic acid' 'Simvastatin 20mg' 'Gemcitabine 1000 mg' 'Nab paclitaxel'
 'Cisplatin' 'Capecitabine']",['Italy' 'Spain'],"National Cancer Institute, Naples","National Cancer Institute, Naples",Global / Multi-Region,2.0,1.0,0.6,5,0.6,2.0,1.0,0.0,0.0,1.0,K6_lc1.0_ls1.0_sig0.0_seed0_pool6_shots1024_A10.0,6,1.0,1.0,0.0,0,6,10.0,1024,1.2666666666666666,1.0
NCT05820906,Cadonilimab Plus Regorafenib and Gem-Cis Chemotherapy in Advanced Biliary Tract Cancer,Recruiting,Phase 2,['Advanced Biliary Tract Cancer'],['Cadonilimab+Regorafenib+GC'],['China'],Tianjin Medical University Cancer Institute and Hospital,Tianjin Medical University Cancer Institute and Hospital,Global / Multi-Region,2.0,1.0,0.6,8,0.6,2.0,1.0,0.0,0.0,1.0,K6_lc1.0_ls1.0_sig0.0_seed0_pool6_shots1024_A10.0,6,1.0,1.0,0.0,0,6,10.0,1024,1.2666666666666666,1.0
NCT00999804,Extension Study of Lapatinib Plus Herceptin With or Without Endocrine Therapy,"Active, not recruiting",Phase 2,['Breast Cancer'],['Lapatinib' 'Letrozole' 'Trastuzumab'],['United States'],Baylor Breast Care Center,Baylor Breast Care Center,Global / Multi-Region,2.0,1.0,0.6,9,0.6,2.0,1.0,0.0,0.0,1.0,K6_lc1.0_ls1.0_sig0.0_seed0_pool6_shots1024_A10.0,6,1.0,1.0,0.0,0,6,10.0,1024,1.2666666666666666,1.0
NCT05816746,Decitabine and Anti-PD-1 in R/R DLBCL,Recruiting,Phase 2,"['Diffuse Large B Cell Lymphoma' 'Relapse/Recurrence'
 'Extranodal Extension' 'Central Nervous System Lymphoma']",['Low-Dose Decitabine plus anti-PD-1'],['China'],Chinese PLA General Hospital,Chinese PLA General Hospital,Global / Multi-Region,2.0,1.0,0.6,13,0.6,2.0,1.0,0.0,0.0,1.0,K6_lc1.0_ls1.0_sig0.0_seed0_pool6_shots1024_A10.0,6,1.0,1.0,0.0,0,6,10.0,1024,1.2666666666666666,1.0
NCT05816655,"Comparison of Clinical Efficacy Between Letrozole + Ribociclib and Fulvestrant + Letrozole + Ribociclib in Hormone Receptor Positive, HER2 Negative Metastatic Breast Cancer",Recruiting,Phase 2,['Metastatic Breast Cancer'],['Fulvestrant plus AI plus ribociclib' 'AI plus ribociclib'],['South Korea'],Korea University Guro Hospital,Korea University Guro Hospital,Global / Multi-Region,2.0,1.0,0.6,14,0.6,2.0,1.0,0.0,0.0,1.0,K6_lc1.0_ls1.0_sig0.0_seed0_pool6_shots1024_A10.0,6,1.0,1.0,0.0,0,6,10.0,1024,1.2666666666666666,1.0
NCT05823714,Venetoclax+Azacytidine+Modified BUCY Conditioning Regimen for Acute Myeloid Leukemia and Myelodysplastic Syndromes Undergoing Allo-HSCT,Recruiting,Phase 2,"['Allogeneic Hematopoietic Stem Cell Transplantation'
 'Acute Myeloid Leukemia' 'Myelodysplastic Syndrome']",['VEN+AZA+Modified BUCY'],['China'],The First Affiliated Hospital of Soochow University,The First Affiliated Hospital of Soochow University,Global / Multi-Region,2.0,1.0,0.6,1,0.6,2.0,1.0,0.0,0.0,1.0,K6_lc2.0_ls1.0_sig0.0_seed0_pool6_shots1024_A10.0,6,2.0,1.0,0.0,0,6,10.0,1024,1.2666666666666666,1.0
NCT05821556,Valproic Acid/Simvastatin Plus Gemcitabine/Nab-paclitaxel Based Regimens in Untreated Metastatic Pancreatic Adenocarcinoma Patients,Recruiting,Phase 2,['Adenocarcinoma of the Pancreas'],"['Valproic acid' 'Simvastatin 20mg' 'Gemcitabine 1000 mg' 'Nab paclitaxel'
 'Cisplatin' 'Capecitabine']",['Italy' 'Spain'],"National Cancer Institute, Naples","National Cancer Institute, Naples",Global / Multi-Region,2.0,1.0,0.6,5,0.6,2.0,1.0,0.0,0.0,1.0,K6_lc2.0_ls1.0_sig0.0_seed0_pool6_shots1024_A10.0,6,2.0,1.0,0.0,0,6,10.0,1024,1.2666666666666666,1.0
NCT05820906,Cadonilimab Plus Regorafenib and Gem-Cis Chemotherapy in Advanced Biliary Tract Cancer,Recruiting,Phase 2,['Advanced Biliary Tract Cancer'],['Cadonilimab+Regorafenib+GC'],['China'],Tianjin Medical University Cancer Institute and Hospital,Tianjin Medical University Cancer Institute and Hospital,Global / Multi-Region,2.0,1.0,0.6,8,0.6,2.0,1.0,0.0,0.0,1.0,K6_lc2.0_ls1.0_sig0.0_seed0_pool6_shots1024_A10.0,6,2.0,1.0,0.0,0,6,10.0,1024,1.2666666666666666,1.0
NCT00999804,Extension Study of Lapatinib Plus Herceptin With or Without Endocrine Therapy,"Active, not recruiting",Phase 2,['Breast Cancer'],['Lapatinib' 'Letrozole' 'Trastuzumab'],['United States'],Baylor Breast Care Center,Baylor Breast Care Center,Global / Multi-Region,2.0,1.0,0.6,9,0.6,2.0,1.0,0.0,0.0,1.0,K6_lc2.0_ls1.0_sig0.0_seed0_pool6_shots1024_A10.0,6,2.0,1.0,0.0,0,6,10.0,1024,1.2666666666666666,1.0
NCT05816746,Decitabine and Anti-PD-1 in R/R DLBCL,Recruiting,Phase 2,"['Diffuse Large B Cell Lymphoma' 'Relapse/Recurrence'
 'Extranodal Extension' 'Central Nervous System Lymphoma']",['Low-Dose Decitabine plus anti-PD-1'],['China'],Chinese PLA General Hospital,Chinese PLA General Hospital,Global / Multi-Region,2.0,1.0,0.6,13,0.6,2.0,1.0,0.0,0.0,1.0,K6_lc2.0_ls1.0_sig0.0_seed0_pool6_shots1024_A10.0,6,2.0,1.0,0.0,0,6,10.0,1024,1.2666666666666666,1.0
NCT05816655,"Comparison of Clinical Efficacy Between Letrozole + Ribociclib and Fulvestrant + Letrozole + Ribociclib in Hormone Receptor Positive, HER2 Negative Metastatic Breast Cancer",Recruiting,Phase 2,['Metastatic Breast Cancer'],['Fulvestrant plus AI plus ribociclib' 'AI plus ribociclib'],['South Korea'],Korea University Guro Hospital,Korea University Guro Hospital,Global / Multi-Region,2.0,1.0,0.6,14,0.6,2.0,1.0,0.0,0.0,1.0,K6_lc2.0_ls1.0_sig0.0_seed0_pool6_shots1024_A10.0,6,2.0,1.0,0.0,0,6,10.0,1024,1.2666666666666666,1.0
NCT05821556,Valproic Acid/Simvastatin Plus Gemcitabine/Nab-paclitaxel Based Regimens in Untreated Metastatic Pancreatic Adenocarcinoma Patients,Recruiting,Phase 2,['Adenocarcinoma of the Pancreas'],"['Valproic acid' 'Simvastatin 20mg' 'Gemcitabine 1000 mg' 'Nab paclitaxel'
 'Cisplatin' 'Capecitabine']",['Italy' 'Spain'],"National Cancer Institute, Naples","National Cancer Institute, Naples",Global / Multi-Region,2.0,1.0,0.6,5,0.6,2.0,1.0,0.0,0.0,1.0,K3_lc0.5_ls2.0_sig0.0_seed0_pool6_shots1024_A10.0,3,0.5,2.0,0.0,0,6,10.0,1024,1.5333333333333332,1.8
NCT05820906,Cadonilimab Plus Regorafenib and Gem-Cis Chemotherapy in Advanced Biliary Tract Cancer,Recruiting,Phase 2,['Advanced Biliary Tract Cancer'],['Cadonilimab+Regorafenib+GC'],['China'],Tianjin Medical University Cancer Institute and Hospital,Tianjin Medical University Cancer Institute and Hospital,Global / Multi-Region,2.0,1.0,0.6,8,0.6,2.0,1.0,0.0,0.0,1.0,K3_lc0.5_ls2.0_sig0.0_seed0_pool6_shots1024_A10.0,3,0.5,2.0,0.0,0,6,10.0,1024,1.5333333333333332,1.8
NCT05816746,Decitabine and Anti-PD-1 in R/R DLBCL,Recruiting,Phase 2,"['Diffuse Large B Cell Lymphoma' 'Relapse/Recurrence'
 'Extranodal Extension' 'Central Nervous System Lymphoma']",['Low-Dose Decitabine plus anti-PD-1'],['China'],Chinese PLA General Hospital,Chinese PLA General Hospital,Global / Multi-Region,2.0,1.0,0.6,13,0.6,2.0,1.0,0.0,0.0,1.0,K3_lc0.5_ls2.0_sig0.0_seed0_pool6_shots1024_A10.0,3,0.5,2.0,0.0,0,6,10.0,1024,1.5333333333333332,1.8
NCT05821556,Valproic Acid/Simvastatin Plus Gemcitabine/Nab-paclitaxel Based Regimens in Untreated Metastatic Pancreatic Adenocarcinoma Patients,Recruiting,Phase 2,['Adenocarcinoma of the Pancreas'],"['Valproic acid' 'Simvastatin 20mg' 'Gemcitabine 1000 mg' 'Nab paclitaxel'
 'Cisplatin' 'Capecitabine']",['Italy' 'Spain'],"National Cancer Institute, Naples","National Cancer Institute, Naples",Global / Multi-Region,2.0,1.0,0.6,5,0.6,2.0,1.0,0.0,0.0,1.0,K3_lc1.0_ls2.0_sig0.0_seed0_pool6_shots1024_A10.0,3,1.0,2.0,0.0,0,6,10.0,1024,1.5333333333333332,1.8
NCT05820906,Cadonilimab Plus Regorafenib and Gem-Cis Chemotherapy in Advanced Biliary Tract Cancer,Recruiting,Phase 2,['Advanced Biliary Tract Cancer'],['Cadonilimab+Regorafenib+GC'],['China'],Tianjin Medical University Cancer Institute and Hospital,Tianjin Medical University Cancer Institute and Hospital,Global / Multi-Region,2.0,1.0,0.6,8,0.6,2.0,1.0,0.0,0.0,1.0,K3_lc1.0_ls2.0_sig0.0_seed0_pool6_shots1024_A10.0,3,1.0,2.0,0.0,0,6,10.0,1024,1.5333333333333332,1.8
NCT05816746,Decitabine and Anti-PD-1 in R/R DLBCL,Recruiting,Phase 2,"['Diffuse Large B Cell Lymphoma' 'Relapse/Recurrence'
 'Extranodal Extension' 'Central Nervous System Lymphoma']",['Low-Dose Decitabine plus anti-PD-1'],['China'],Chinese PLA General Hospital,Chinese PLA General Hospital,Global / Multi-Region,2.0,1.0,0.6,13,0.6,2.0,1.0,0.0,0.0,1.0,K3_lc1.0_ls2.0_sig0.0_seed0_pool6_shots1024_A10.0,3,1.0,2.0,0.0,0,6,10.0,1024,1.5333333333333332,1.8
