config_id,K,lambda_cost,lambda_safety,noise_sigma,seed,pool_size,p,penalty_A,shots,jaccard_vs_baseline,best_energy,best_bitstring,gamma_0,beta_0,selected_n,total_benefit,total_cost,total_safety,objective,objective_norm
K6_lc0.5_ls0.5_sig0_seed0_pool12_p1_A10_sh128,6,0.5,0.5,0.0,0,12,1,10.0,128,0.36363636363636365,2.4,010001110101,0.2,0.2,6,3.6,12.0,0.0,-2.4,0.9853553076471612
K6_lc0.5_ls0.5_sig0_seed1_pool12_p1_A10_sh128,6,0.5,0.5,0.0,1,12,1,10.0,128,0.5,2.4,000111010101,0.2,0.2,6,3.6,12.0,0.0,-2.4,0.9853553076471612
K6_lc0.5_ls0.5_sig0_seed2_pool12_p1_A10_sh128,6,0.5,0.5,0.0,2,12,1,10.0,128,0.36363636363636365,2.4,101010001011,0.2,0.2,6,3.6,12.0,0.0,-2.4,0.9853553076471612
K6_lc0.5_ls0.5_sig0.05_seed0_pool12_p1_A10_sh128,6,0.5,0.5,0.05,0,12,1,10.0,128,0.5,2.1101875061997264,000001111101,0.2,0.2,6,3.6619758667658857,11.544326745931222,0.0,-2.1101875061997255,0.9927793860220162
K6_lc0.5_ls0.5_sig0.05_seed1_pool12_p1_A10_sh128,6,0.5,0.5,0.05,1,12,1,10.0,128,0.36363636363636365,2.2052023251113897,001010100111,0.55,1.6,6,3.6857351734578954,11.781874997138571,0.0,-2.20520232511139,0.9903454072341349
K6_lc0.5_ls0.5_sig0.05_seed2_pool12_p1_A10_sh128,6,0.5,0.5,0.05,2,12,1,10.0,128,0.36363636363636365,2.227702623247217,011010110010,0.2,0.2,6,3.713679441973513,11.882764130441458,0.0,-2.2277026232472164,0.9897690208450335
K6_lc0.5_ls0.5_sig0.1_seed0_pool12_p1_A10_sh128,6,0.5,0.5,0.1,0,12,1,10.0,128,0.36363636363636365,1.8283176177006712,010001101101,1.6,0.2,6,3.7230092860510737,11.10265380750349,0.0,-1.8283176177006712,1.0
K6_lc0.5_ls0.5_sig0.1_seed1_pool12_p1_A10_sh128,6,0.5,0.5,0.1,1,12,1,10.0,128,0.36363636363636365,2.01054323813857,001010100111,0.55,1.6,6,3.7738331764155637,11.568752829108266,0.0,-2.0105432381385695,0.9953319566375567
K6_lc0.5_ls0.5_sig0.1_seed2_pool12_p1_A10_sh128,6,0.5,0.5,0.1,2,12,1,10.0,128,0.36363636363636365,2.015032419434433,000011110011,1.25,0.9000000000000001,6,3.800993643663909,11.632052126196683,0.0,-2.0150324194344327,0.995216958028137
K6_lc0.5_ls1_sig0_seed0_pool12_p1_A10_sh128,6,0.5,1.0,0.0,0,12,1,10.0,128,0.36363636363636365,2.4,010001110101,0.2,0.2,6,3.6,12.0,0.0,-2.4,0.9853553076471612
K6_lc0.5_ls1_sig0_seed1_pool12_p1_A10_sh128,6,0.5,1.0,0.0,1,12,1,10.0,128,0.5,2.4,000111010101,0.2,0.2,6,3.6,12.0,0.0,-2.4,0.9853553076471612
K6_lc0.5_ls1_sig0_seed2_pool12_p1_A10_sh128,6,0.5,1.0,0.0,2,12,1,10.0,128,0.36363636363636365,2.4,101010001011,0.2,0.2,6,3.6,12.0,0.0,-2.4,0.9853553076471612
K6_lc0.5_ls1_sig0.05_seed0_pool12_p1_A10_sh128,6,0.5,1.0,0.05,0,12,1,10.0,128,0.5,2.1101875061997264,000001111101,0.2,0.2,6,3.6619758667658857,11.544326745931222,0.0,-2.1101875061997255,0.9927793860220162
K6_lc0.5_ls1_sig0.05_seed1_pool12_p1_A10_sh128,6,0.5,1.0,0.05,1,12,1,10.0,128,0.36363636363636365,2.2052023251113897,001010100111,0.55,1.6,6,3.6857351734578954,11.781874997138571,0.0,-2.20520232511139,0.9903454072341349
K6_lc0.5_ls1_sig0.05_seed2_pool12_p1_A10_sh128,6,0.5,1.0,0.05,2,12,1,10.0,128,0.36363636363636365,2.227702623247217,011010110010,0.2,0.2,6,3.713679441973513,11.882764130441458,0.0,-2.2277026232472164,0.9897690208450335
K6_lc0.5_ls1_sig0.1_seed0_pool12_p1_A10_sh128,6,0.5,1.0,0.1,0,12,1,10.0,128,0.36363636363636365,1.8283176177006712,010001101101,1.6,0.2,6,3.7230092860510737,11.10265380750349,0.0,-1.8283176177006712,1.0
K6_lc0.5_ls1_sig0.1_seed1_pool12_p1_A10_sh128,6,0.5,1.0,0.1,1,12,1,10.0,128,0.36363636363636365,2.01054323813857,001010100111,0.55,1.6,6,3.7738331764155637,11.568752829108266,0.0,-2.0105432381385695,0.9953319566375567
K6_lc0.5_ls1_sig0.1_seed2_pool12_p1_A10_sh128,6,0.5,1.0,0.1,2,12,1,10.0,128,0.36363636363636365,2.015032419434433,000011110011,1.25,0.9000000000000001,6,3.800993643663909,11.632052126196683,0.0,-2.0150324194344327,0.995216958028137
K6_lc0.5_ls2_sig0_seed0_pool12_p1_A10_sh128,6,0.5,2.0,0.0,0,12,1,10.0,128,0.36363636363636365,2.4,010001110101,0.2,0.2,6,3.6,12.0,0.0,-2.4,0.9853553076471612
K6_lc0.5_ls2_sig0_seed1_pool12_p1_A10_sh128,6,0.5,2.0,0.0,1,12,1,10.0,128,0.5,2.4,000111010101,0.2,0.2,6,3.6,12.0,0.0,-2.4,0.9853553076471612
K6_lc0.5_ls2_sig0_seed2_pool12_p1_A10_sh128,6,0.5,2.0,0.0,2,12,1,10.0,128,0.36363636363636365,2.4,101010001011,0.2,0.2,6,3.6,12.0,0.0,-2.4,0.9853553076471612
K6_lc0.5_ls2_sig0.05_seed0_pool12_p1_A10_sh128,6,0.5,2.0,0.05,0,12,1,10.0,128,0.5,2.1101875061997264,000001111101,0.2,0.2,6,3.6619758667658857,11.544326745931222,0.0,-2.1101875061997255,0.9927793860220162
K6_lc0.5_ls2_sig0.05_seed1_pool12_p1_A10_sh128,6,0.5,2.0,0.05,1,12,1,10.0,128,0.36363636363636365,2.2052023251113897,001010100111,0.55,1.6,6,3.6857351734578954,11.781874997138571,0.0,-2.20520232511139,0.9903454072341349
K6_lc0.5_ls2_sig0.05_seed2_pool12_p1_A10_sh128,6,0.5,2.0,0.05,2,12,1,10.0,128,0.36363636363636365,2.227702623247217,011010110010,0.2,0.2,6,3.713679441973513,11.882764130441458,0.0,-2.2277026232472164,0.9897690208450335
K6_lc0.5_ls2_sig0.1_seed0_pool12_p1_A10_sh128,6,0.5,2.0,0.1,0,12,1,10.0,128,0.36363636363636365,1.8283176177006712,010001101101,1.6,0.2,6,3.7230092860510737,11.10265380750349,0.0,-1.8283176177006712,1.0
K6_lc0.5_ls2_sig0.1_seed1_pool12_p1_A10_sh128,6,0.5,2.0,0.1,1,12,1,10.0,128,0.36363636363636365,2.01054323813857,001010100111,0.55,1.6,6,3.7738331764155637,11.568752829108266,0.0,-2.0105432381385695,0.9953319566375567
K6_lc0.5_ls2_sig0.1_seed2_pool12_p1_A10_sh128,6,0.5,2.0,0.1,2,12,1,10.0,128,0.36363636363636365,2.015032419434433,000011110011,1.25,0.9000000000000001,6,3.800993643663909,11.632052126196683,0.0,-2.0150324194344327,0.995216958028137
K6_lc1_ls0.5_sig0_seed0_pool12_p1_A10_sh128,6,1.0,0.5,0.0,0,12,1,10.0,128,0.5,8.399999999999999,101001100110,0.2,0.2,6,3.6,12.0,0.0,-8.4,0.8316543071656984
K6_lc1_ls0.5_sig0_seed1_pool12_p1_A10_sh128,6,1.0,0.5,0.0,1,12,1,10.0,128,0.36363636363636365,8.399999999999999,010010101101,0.2,0.2,6,3.6,12.0,0.0,-8.4,0.8316543071656984
K6_lc1_ls0.5_sig0_seed2_pool12_p1_A10_sh128,6,1.0,0.5,0.0,2,12,1,10.0,128,0.5,8.399999999999999,001111100001,0.2,0.2,6,3.6,12.0,0.0,-8.4,0.8316543071656984
K6_lc1_ls0.5_sig0.05_seed0_pool12_p1_A10_sh128,6,1.0,0.5,0.05,0,12,1,10.0,128,0.36363636363636365,7.863374951905903,000000111111,0.2,1.6,6,3.617602292902354,11.480977244808257,0.0,-7.863374951905902,0.8454009416282776
K6_lc1_ls0.5_sig0.05_seed1_pool12_p1_A10_sh128,6,1.0,0.5,0.05,1,12,1,10.0,128,0.5,8.076738651271757,001011100101,0.9000000000000001,1.25,6,3.6446790518680956,11.721417703139855,0.0,-8.076738651271759,0.8399352392851179
K6_lc1_ls0.5_sig0.05_seed2_pool12_p1_A10_sh128,6,1.0,0.5,0.05,2,12,1,10.0,128,0.36363636363636365,8.151272176617146,000010111011,1.25,0.2,6,3.636759171259852,11.788031347877,0.0,-8.151272176617148,0.8380259263826185
K6_lc1_ls0.5_sig0.1_seed0_pool12_p1_A10_sh128,6,1.0,0.5,0.1,0,12,1,10.0,128,0.36363636363636365,7.361569566164753,000000111111,0.2,1.6,6,3.636525103072402,10.998094669237155,0.0,-7.361569566164753,0.8582556066008445
K6_lc1_ls0.5_sig0.1_seed1_pool12_p1_A10_sh128,6,1.0,0.5,0.1,1,12,1,10.0,128,0.36363636363636365,7.748140997733686,000011100111,0.9000000000000001,1.25,6,3.724555607808101,11.472696605541786,0.0,-7.748140997733685,0.8483528706358952
K6_lc1_ls0.5_sig0.1_seed2_pool12_p1_A10_sh128,6,1.0,0.5,0.1,2,12,1,10.0,128,0.36363636363636365,7.831058482532775,000011110011,1.6,0.55,6,3.800993643663909,11.632052126196683,0.0,-7.831058482532774,0.846228787240724
K6_lc1_ls1_sig0_seed0_pool12_p1_A10_sh128,6,1.0,1.0,0.0,0,12,1,10.0,128,0.5,8.399999999999999,101001100110,0.2,0.2,6,3.6,12.0,0.0,-8.4,0.8316543071656984
K6_lc1_ls1_sig0_seed1_pool12_p1_A10_sh128,6,1.0,1.0,0.0,1,12,1,10.0,128,0.36363636363636365,8.399999999999999,010010101101,0.2,0.2,6,3.6,12.0,0.0,-8.4,0.8316543071656984
K6_lc1_ls1_sig0_seed2_pool12_p1_A10_sh128,6,1.0,1.0,0.0,2,12,1,10.0,128,0.5,8.399999999999999,001111100001,0.2,0.2,6,3.6,12.0,0.0,-8.4,0.8316543071656984
K6_lc1_ls1_sig0.05_seed0_pool12_p1_A10_sh128,6,1.0,1.0,0.05,0,12,1,10.0,128,0.36363636363636365,7.863374951905903,000000111111,0.2,1.6,6,3.617602292902354,11.480977244808257,0.0,-7.863374951905902,0.8454009416282776
K6_lc1_ls1_sig0.05_seed1_pool12_p1_A10_sh128,6,1.0,1.0,0.05,1,12,1,10.0,128,0.5,8.076738651271757,001011100101,0.9000000000000001,1.25,6,3.6446790518680956,11.721417703139855,0.0,-8.076738651271759,0.8399352392851179
K6_lc1_ls1_sig0.05_seed2_pool12_p1_A10_sh128,6,1.0,1.0,0.05,2,12,1,10.0,128,0.36363636363636365,8.151272176617146,000010111011,1.25,0.2,6,3.636759171259852,11.788031347877,0.0,-8.151272176617148,0.8380259263826185
K6_lc1_ls1_sig0.1_seed0_pool12_p1_A10_sh128,6,1.0,1.0,0.1,0,12,1,10.0,128,0.36363636363636365,7.361569566164753,000000111111,0.2,1.6,6,3.636525103072402,10.998094669237155,0.0,-7.361569566164753,0.8582556066008445
K6_lc1_ls1_sig0.1_seed1_pool12_p1_A10_sh128,6,1.0,1.0,0.1,1,12,1,10.0,128,0.36363636363636365,7.748140997733686,000011100111,0.9000000000000001,1.25,6,3.724555607808101,11.472696605541786,0.0,-7.748140997733685,0.8483528706358952
K6_lc1_ls1_sig0.1_seed2_pool12_p1_A10_sh128,6,1.0,1.0,0.1,2,12,1,10.0,128,0.36363636363636365,7.831058482532775,000011110011,1.6,0.55,6,3.800993643663909,11.632052126196683,0.0,-7.831058482532774,0.846228787240724
K6_lc1_ls2_sig0_seed0_pool12_p1_A10_sh128,6,1.0,2.0,0.0,0,12,1,10.0,128,0.5,8.399999999999999,101001100110,0.2,0.2,6,3.6,12.0,0.0,-8.4,0.8316543071656984
K6_lc1_ls2_sig0_seed1_pool12_p1_A10_sh128,6,1.0,2.0,0.0,1,12,1,10.0,128,0.36363636363636365,8.399999999999999,010010101101,0.2,0.2,6,3.6,12.0,0.0,-8.4,0.8316543071656984
K6_lc1_ls2_sig0_seed2_pool12_p1_A10_sh128,6,1.0,2.0,0.0,2,12,1,10.0,128,0.5,8.399999999999999,001111100001,0.2,0.2,6,3.6,12.0,0.0,-8.4,0.8316543071656984
K6_lc1_ls2_sig0.05_seed0_pool12_p1_A10_sh128,6,1.0,2.0,0.05,0,12,1,10.0,128,0.36363636363636365,7.863374951905903,000000111111,0.2,1.6,6,3.617602292902354,11.480977244808257,0.0,-7.863374951905902,0.8454009416282776
K6_lc1_ls2_sig0.05_seed1_pool12_p1_A10_sh128,6,1.0,2.0,0.05,1,12,1,10.0,128,0.5,8.076738651271757,001011100101,0.9000000000000001,1.25,6,3.6446790518680956,11.721417703139855,0.0,-8.076738651271759,0.8399352392851179
K6_lc1_ls2_sig0.05_seed2_pool12_p1_A10_sh128,6,1.0,2.0,0.05,2,12,1,10.0,128,0.36363636363636365,8.151272176617146,000010111011,1.25,0.2,6,3.636759171259852,11.788031347877,0.0,-8.151272176617148,0.8380259263826185
K6_lc1_ls2_sig0.1_seed0_pool12_p1_A10_sh128,6,1.0,2.0,0.1,0,12,1,10.0,128,0.36363636363636365,7.361569566164753,000000111111,0.2,1.6,6,3.636525103072402,10.998094669237155,0.0,-7.361569566164753,0.8582556066008445
K6_lc1_ls2_sig0.1_seed1_pool12_p1_A10_sh128,6,1.0,2.0,0.1,1,12,1,10.0,128,0.36363636363636365,7.748140997733686,000011100111,0.9000000000000001,1.25,6,3.724555607808101,11.472696605541786,0.0,-7.748140997733685,0.8483528706358952
K6_lc1_ls2_sig0.1_seed2_pool12_p1_A10_sh128,6,1.0,2.0,0.1,2,12,1,10.0,128,0.36363636363636365,7.831058482532775,000011110011,1.6,0.55,6,3.800993643663909,11.632052126196683,0.0,-7.831058482532774,0.846228787240724
K6_lc2_ls0.5_sig0_seed0_pool12_p1_A10_sh128,6,2.0,0.5,0.0,0,12,1,10.0,128,0.36363636363636365,20.4,110110001010,0.2,0.2,6,3.6,12.0,0.0,-20.4,0.5242523062027729
K6_lc2_ls0.5_sig0_seed1_pool12_p1_A10_sh128,6,2.0,0.5,0.0,1,12,1,10.0,128,0.36363636363636365,20.4,110001101001,0.2,0.2,6,3.6,12.0,0.0,-20.4,0.5242523062027729
K6_lc2_ls0.5_sig0_seed2_pool12_p1_A10_sh128,6,2.0,0.5,0.0,2,12,1,10.0,128,0.6666666666666666,20.4,001111101000,0.2,0.2,6,3.6,12.0,0.0,-20.4,0.5242523062027729
K6_lc2_ls0.5_sig0.05_seed0_pool12_p1_A10_sh128,6,2.0,0.5,0.05,0,12,1,10.0,128,0.25,19.378871328222623,010000110111,0.9000000000000001,0.55,6,3.5960371382117895,11.487454233217207,0.0,-19.378871328222623,0.5504103892815212
K6_lc2_ls0.5_sig0.05_seed1_pool12_p1_A10_sh128,6,2.0,0.5,0.05,1,12,1,10.0,128,0.36363636363636365,19.81215242734062,001011000111,0.9000000000000001,0.55,6,3.656299100378636,11.734225763859628,0.0,-19.81215242734062,0.5393110995441638
K6_lc2_ls0.5_sig0.05_seed2_pool12_p1_A10_sh128,6,2.0,0.5,0.05,2,12,1,10.0,128,0.25,19.907818883218106,010011100011,0.55,0.2,6,3.66958603381884,11.788702458518474,0.0,-19.907818883218106,0.5368604278806829
K6_lc2_ls0.5_sig0.1_seed0_pool12_p1_A10_sh128,6,2.0,0.5,0.1,0,12,1,10.0,128,0.36363636363636365,18.504442522906793,110000011101,0.55,1.6,6,3.5885363373453725,11.046489430126082,0.0,-18.504442522906793,0.5728104863193301
K6_lc2_ls0.5_sig0.1_seed1_pool12_p1_A10_sh128,6,2.0,0.5,0.1,1,12,1,10.0,128,0.5,19.21020660166276,001011100101,1.6,0.9000000000000001,6,3.6910867830416643,11.450646692352212,0.0,-19.210206601662758,0.5547310454845518
K6_lc2_ls0.5_sig0.1_seed2_pool12_p1_A10_sh128,6,2.0,0.5,0.1,2,12,1,10.0,128,0.25,19.430069665707187,010011100011,0.55,0.2,6,3.744300955062854,11.587185310385019,0.0,-19.430069665707183,0.5490988499991271
K6_lc2_ls1_sig0_seed0_pool12_p1_A10_sh128,6,2.0,1.0,0.0,0,12,1,10.0,128,0.36363636363636365,20.4,110110001010,0.2,0.2,6,3.6,12.0,0.0,-20.4,0.5242523062027729
K6_lc2_ls1_sig0_seed1_pool12_p1_A10_sh128,6,2.0,1.0,0.0,1,12,1,10.0,128,0.36363636363636365,20.4,110001101001,0.2,0.2,6,3.6,12.0,0.0,-20.4,0.5242523062027729
K6_lc2_ls1_sig0_seed2_pool12_p1_A10_sh128,6,2.0,1.0,0.0,2,12,1,10.0,128,0.6666666666666666,20.4,001111101000,0.2,0.2,6,3.6,12.0,0.0,-20.4,0.5242523062027729
K6_lc2_ls1_sig0.05_seed0_pool12_p1_A10_sh128,6,2.0,1.0,0.05,0,12,1,10.0,128,0.25,19.378871328222623,010000110111,0.9000000000000001,0.55,6,3.5960371382117895,11.487454233217207,0.0,-19.378871328222623,0.5504103892815212
K6_lc2_ls1_sig0.05_seed1_pool12_p1_A10_sh128,6,2.0,1.0,0.05,1,12,1,10.0,128,0.36363636363636365,19.81215242734062,001011000111,0.9000000000000001,0.55,6,3.656299100378636,11.734225763859628,0.0,-19.81215242734062,0.5393110995441638
K6_lc2_ls1_sig0.05_seed2_pool12_p1_A10_sh128,6,2.0,1.0,0.05,2,12,1,10.0,128,0.25,19.907818883218106,010011100011,0.55,0.2,6,3.66958603381884,11.788702458518474,0.0,-19.907818883218106,0.5368604278806829
K6_lc2_ls1_sig0.1_seed0_pool12_p1_A10_sh128,6,2.0,1.0,0.1,0,12,1,10.0,128,0.36363636363636365,18.504442522906793,110000011101,0.55,1.6,6,3.5885363373453725,11.046489430126082,0.0,-18.504442522906793,0.5728104863193301
K6_lc2_ls1_sig0.1_seed1_pool12_p1_A10_sh128,6,2.0,1.0,0.1,1,12,1,10.0,128,0.5,19.21020660166276,001011100101,1.6,0.9000000000000001,6,3.6910867830416643,11.450646692352212,0.0,-19.210206601662758,0.5547310454845518
K6_lc2_ls1_sig0.1_seed2_pool12_p1_A10_sh128,6,2.0,1.0,0.1,2,12,1,10.0,128,0.25,19.430069665707187,010011100011,0.55,0.2,6,3.744300955062854,11.587185310385019,0.0,-19.430069665707183,0.5490988499991271
K6_lc2_ls2_sig0_seed0_pool12_p1_A10_sh128,6,2.0,2.0,0.0,0,12,1,10.0,128,0.36363636363636365,20.4,110110001010,0.2,0.2,6,3.6,12.0,0.0,-20.4,0.5242523062027729
K6_lc2_ls2_sig0_seed1_pool12_p1_A10_sh128,6,2.0,2.0,0.0,1,12,1,10.0,128,0.36363636363636365,20.4,110001101001,0.2,0.2,6,3.6,12.0,0.0,-20.4,0.5242523062027729
K6_lc2_ls2_sig0_seed2_pool12_p1_A10_sh128,6,2.0,2.0,0.0,2,12,1,10.0,128,0.6666666666666666,20.4,001111101000,0.2,0.2,6,3.6,12.0,0.0,-20.4,0.5242523062027729
K6_lc2_ls2_sig0.05_seed0_pool12_p1_A10_sh128,6,2.0,2.0,0.05,0,12,1,10.0,128,0.25,19.378871328222623,010000110111,0.9000000000000001,0.55,6,3.5960371382117895,11.487454233217207,0.0,-19.378871328222623,0.5504103892815212
K6_lc2_ls2_sig0.05_seed1_pool12_p1_A10_sh128,6,2.0,2.0,0.05,1,12,1,10.0,128,0.36363636363636365,19.81215242734062,001011000111,0.9000000000000001,0.55,6,3.656299100378636,11.734225763859628,0.0,-19.81215242734062,0.5393110995441638
K6_lc2_ls2_sig0.05_seed2_pool12_p1_A10_sh128,6,2.0,2.0,0.05,2,12,1,10.0,128,0.25,19.907818883218106,010011100011,0.55,0.2,6,3.66958603381884,11.788702458518474,0.0,-19.907818883218106,0.5368604278806829
K6_lc2_ls2_sig0.1_seed0_pool12_p1_A10_sh128,6,2.0,2.0,0.1,0,12,1,10.0,128,0.36363636363636365,18.504442522906793,110000011101,0.55,1.6,6,3.5885363373453725,11.046489430126082,0.0,-18.504442522906793,0.5728104863193301
K6_lc2_ls2_sig0.1_seed1_pool12_p1_A10_sh128,6,2.0,2.0,0.1,1,12,1,10.0,128,0.5,19.21020660166276,001011100101,1.6,0.9000000000000001,6,3.6910867830416643,11.450646692352212,0.0,-19.210206601662758,0.5547310454845518
K6_lc2_ls2_sig0.1_seed2_pool12_p1_A10_sh128,6,2.0,2.0,0.1,2,12,1,10.0,128,0.25,19.430069665707187,010011100011,0.55,0.2,6,3.744300955062854,11.587185310385019,0.0,-19.430069665707183,0.5490988499991271
K9_lc0.5_ls0.5_sig0_seed0_pool12_p1_A10_sh128,9,0.5,0.5,0.0,0,12,1,10.0,128,1.0,3.6,101111111100,0.2,0.2,9,5.3999999999999995,18.0,0.0,-3.6000000000000005,0.9546151075508685
K9_lc0.5_ls0.5_sig0_seed1_pool12_p1_A10_sh128,9,0.5,0.5,0.0,1,12,1,10.0,128,0.5,3.6,111110010111,0.2,0.2,9,5.3999999999999995,18.0,0.0,-3.6000000000000005,0.9546151075508685
K9_lc0.5_ls0.5_sig0_seed2_pool12_p1_A10_sh128,9,0.5,0.5,0.0,2,12,1,10.0,128,0.6363636363636364,3.6,100110111111,0.2,0.2,9,5.3999999999999995,18.0,0.0,-3.6000000000000005,0.9546151075508685
K9_lc0.5_ls0.5_sig0.05_seed0_pool12_p1_A10_sh128,9,0.5,0.5,0.05,0,12,1,10.0,128,0.5,3.3032936193104057,010101111111,1.6,0.2,9,5.418870954105844,17.444329146832498,0.0,-3.3032936193104048,0.9622157854777394
K9_lc0.5_ls0.5_sig0.05_seed1_pool12_p1_A10_sh128,9,0.5,0.5,0.05,1,12,1,10.0,128,0.6363636363636364,3.346328541349482,001111110111,0.9000000000000001,0.55,9,5.508663168387212,17.70998341947339,0.0,-3.3463285413494823,0.961113367048898
K9_lc0.5_ls0.5_sig0.05_seed2_pool12_p1_A10_sh128,9,0.5,0.5,0.05,2,12,1,10.0,128,0.5,3.4517246068675305,111011110011,0.2,0.2,9,5.50044950953351,17.90434823280208,0.0,-3.451724606867529,0.9584134535960758
K9_lc0.5_ls0.5_sig0.1_seed0_pool12_p1_A10_sh128,9,0.5,0.5,0.1,0,12,1,10.0,128,0.5,3.0208748360825375,010101111111,1.6,1.25,9,5.443067983578981,16.927885639323037,0.0,-3.0208748360825375,0.9694504604005527
K9_lc0.5_ls0.5_sig0.1_seed1_pool12_p1_A10_sh128,9,0.5,0.5,0.1,1,12,1,10.0,128,0.6363636363636364,3.092359076657807,001111110111,1.6,1.25,9,5.621599915355396,17.427917984026404,0.0,-3.0923590766578064,0.96761926051804
K9_lc0.5_ls0.5_sig0.1_seed2_pool12_p1_A10_sh128,9,0.5,0.5,0.1,2,12,1,10.0,128,0.5,3.298584276024073,111011110011,0.2,0.2,9,5.611937359686144,17.821043271420436,0.0,-3.298584276024074,0.9623364239401927
K9_lc0.5_ls1_sig0_seed0_pool12_p1_A10_sh128,9,0.5,1.0,0.0,0,12,1,10.0,128,1.0,3.6,101111111100,0.2,0.2,9,5.3999999999999995,18.0,0.0,-3.6000000000000005,0.9546151075508685
K9_lc0.5_ls1_sig0_seed1_pool12_p1_A10_sh128,9,0.5,1.0,0.0,1,12,1,10.0,128,0.5,3.6,111110010111,0.2,0.2,9,5.3999999999999995,18.0,0.0,-3.6000000000000005,0.9546151075508685
K9_lc0.5_ls1_sig0_seed2_pool12_p1_A10_sh128,9,0.5,1.0,0.0,2,12,1,10.0,128,0.6363636363636364,3.6,100110111111,0.2,0.2,9,5.3999999999999995,18.0,0.0,-3.6000000000000005,0.9546151075508685
K9_lc0.5_ls1_sig0.05_seed0_pool12_p1_A10_sh128,9,0.5,1.0,0.05,0,12,1,10.0,128,0.5,3.3032936193104057,010101111111,1.6,0.2,9,5.418870954105844,17.444329146832498,0.0,-3.3032936193104048,0.9622157854777394
K9_lc0.5_ls1_sig0.05_seed1_pool12_p1_A10_sh128,9,0.5,1.0,0.05,1,12,1,10.0,128,0.6363636363636364,3.346328541349482,001111110111,0.9000000000000001,0.55,9,5.508663168387212,17.70998341947339,0.0,-3.3463285413494823,0.961113367048898
K9_lc0.5_ls1_sig0.05_seed2_pool12_p1_A10_sh128,9,0.5,1.0,0.05,2,12,1,10.0,128,0.5,3.4517246068675305,111011110011,0.2,0.2,9,5.50044950953351,17.90434823280208,0.0,-3.451724606867529,0.9584134535960758
K9_lc0.5_ls1_sig0.1_seed0_pool12_p1_A10_sh128,9,0.5,1.0,0.1,0,12,1,10.0,128,0.5,3.0208748360825375,010101111111,1.6,1.25,9,5.443067983578981,16.927885639323037,0.0,-3.0208748360825375,0.9694504604005527
K9_lc0.5_ls1_sig0.1_seed1_pool12_p1_A10_sh128,9,0.5,1.0,0.1,1,12,1,10.0,128,0.6363636363636364,3.092359076657807,001111110111,1.6,1.25,9,5.621599915355396,17.427917984026404,0.0,-3.0923590766578064,0.96761926051804
K9_lc0.5_ls1_sig0.1_seed2_pool12_p1_A10_sh128,9,0.5,1.0,0.1,2,12,1,10.0,128,0.5,3.298584276024073,111011110011,0.2,0.2,9,5.611937359686144,17.821043271420436,0.0,-3.298584276024074,0.9623364239401927
K9_lc0.5_ls2_sig0_seed0_pool12_p1_A10_sh128,9,0.5,2.0,0.0,0,12,1,10.0,128,1.0,3.6,101111111100,0.2,0.2,9,5.3999999999999995,18.0,0.0,-3.6000000000000005,0.9546151075508685
K9_lc0.5_ls2_sig0_seed1_pool12_p1_A10_sh128,9,0.5,2.0,0.0,1,12,1,10.0,128,0.5,3.6,111110010111,0.2,0.2,9,5.3999999999999995,18.0,0.0,-3.6000000000000005,0.9546151075508685
K9_lc0.5_ls2_sig0_seed2_pool12_p1_A10_sh128,9,0.5,2.0,0.0,2,12,1,10.0,128,0.6363636363636364,3.6,100110111111,0.2,0.2,9,5.3999999999999995,18.0,0.0,-3.6000000000000005,0.9546151075508685
K9_lc0.5_ls2_sig0.05_seed0_pool12_p1_A10_sh128,9,0.5,2.0,0.05,0,12,1,10.0,128,0.5,3.3032936193104057,010101111111,1.6,0.2,9,5.418870954105844,17.444329146832498,0.0,-3.3032936193104048,0.9622157854777394
K9_lc0.5_ls2_sig0.05_seed1_pool12_p1_A10_sh128,9,0.5,2.0,0.05,1,12,1,10.0,128,0.6363636363636364,3.346328541349482,001111110111,0.9000000000000001,0.55,9,5.508663168387212,17.70998341947339,0.0,-3.3463285413494823,0.961113367048898
K9_lc0.5_ls2_sig0.05_seed2_pool12_p1_A10_sh128,9,0.5,2.0,0.05,2,12,1,10.0,128,0.5,3.4517246068675305,111011110011,0.2,0.2,9,5.50044950953351,17.90434823280208,0.0,-3.451724606867529,0.9584134535960758
K9_lc0.5_ls2_sig0.1_seed0_pool12_p1_A10_sh128,9,0.5,2.0,0.1,0,12,1,10.0,128,0.5,3.0208748360825375,010101111111,1.6,1.25,9,5.443067983578981,16.927885639323037,0.0,-3.0208748360825375,0.9694504604005527
K9_lc0.5_ls2_sig0.1_seed1_pool12_p1_A10_sh128,9,0.5,2.0,0.1,1,12,1,10.0,128,0.6363636363636364,3.092359076657807,001111110111,1.6,1.25,9,5.621599915355396,17.427917984026404,0.0,-3.0923590766578064,0.96761926051804
K9_lc0.5_ls2_sig0.1_seed2_pool12_p1_A10_sh128,9,0.5,2.0,0.1,2,12,1,10.0,128,0.5,3.298584276024073,111011110011,0.2,0.2,9,5.611937359686144,17.821043271420436,0.0,-3.298584276024074,0.9623364239401927
K9_lc1_ls0.5_sig0_seed0_pool12_p1_A10_sh128,9,1.0,0.5,0.0,0,12,1,10.0,128,1.0,12.6,101111111100,0.2,0.2,9,5.3999999999999995,18.0,0.0,-12.600000000000001,0.7240636068286743
K9_lc1_ls0.5_sig0_seed1_pool12_p1_A10_sh128,9,1.0,0.5,0.0,1,12,1,10.0,128,0.5,12.6,111110010111,0.2,0.2,9,5.3999999999999995,18.0,0.0,-12.600000000000001,0.7240636068286743
K9_lc1_ls0.5_sig0_seed2_pool12_p1_A10_sh128,9,1.0,0.5,0.0,2,12,1,10.0,128,0.6363636363636364,12.6,100110111111,0.2,0.2,9,5.3999999999999995,18.0,0.0,-12.600000000000001,0.7240636068286743
K9_lc1_ls0.5_sig0.05_seed0_pool12_p1_A10_sh128,9,1.0,0.5,0.05,0,12,1,10.0,128,0.5,12.025458192726655,010101111111,0.2,0.2,9,5.418870954105844,17.444329146832498,0.0,-12.025458192726653,0.7387815485947313
K9_lc1_ls0.5_sig0.05_seed1_pool12_p1_A10_sh128,9,1.0,0.5,0.05,1,12,1,10.0,128,0.6363636363636364,12.201320251086175,001111110111,1.25,0.2,9,5.508663168387212,17.70998341947339,0.0,-12.201320251086177,0.7342765195419666
K9_lc1_ls0.5_sig0.05_seed2_pool12_p1_A10_sh128,9,1.0,0.5,0.05,2,12,1,10.0,128,0.5,12.403898723268572,111011110011,0.2,0.2,9,5.50044950953351,17.90434823280208,0.0,-12.403898723268568,0.7290871005668933
K9_lc1_ls0.5_sig0.1_seed0_pool12_p1_A10_sh128,9,1.0,0.5,0.1,0,12,1,10.0,128,0.5,11.484817655744056,010101111111,0.2,0.2,9,5.443067983578981,16.927885639323037,0.0,-11.484817655744056,0.7526310471672414
K9_lc1_ls0.5_sig0.1_seed1_pool12_p1_A10_sh128,9,1.0,0.5,0.1,1,12,1,10.0,128,0.6363636363636364,11.806318068671011,001111110111,1.6,0.55,9,5.621599915355396,17.427917984026404,0.0,-11.806318068671008,0.7443952246468953
K9_lc1_ls0.5_sig0.1_seed2_pool12_p1_A10_sh128,9,1.0,0.5,0.1,2,12,1,10.0,128,0.5,12.20910591173429,111011110011,1.25,0.55,9,5.611937359686144,17.821043271420436,0.0,-12.20910591173429,0.7340770755701292
K9_lc1_ls1_sig0_seed0_pool12_p1_A10_sh128,9,1.0,1.0,0.0,0,12,1,10.0,128,1.0,12.6,101111111100,0.2,0.2,9,5.3999999999999995,18.0,0.0,-12.600000000000001,0.7240636068286743
K9_lc1_ls1_sig0_seed1_pool12_p1_A10_sh128,9,1.0,1.0,0.0,1,12,1,10.0,128,0.5,12.6,111110010111,0.2,0.2,9,5.3999999999999995,18.0,0.0,-12.600000000000001,0.7240636068286743
K9_lc1_ls1_sig0_seed2_pool12_p1_A10_sh128,9,1.0,1.0,0.0,2,12,1,10.0,128,0.6363636363636364,12.6,100110111111,0.2,0.2,9,5.3999999999999995,18.0,0.0,-12.600000000000001,0.7240636068286743
K9_lc1_ls1_sig0.05_seed0_pool12_p1_A10_sh128,9,1.0,1.0,0.05,0,12,1,10.0,128,0.5,12.025458192726655,010101111111,0.2,0.2,9,5.418870954105844,17.444329146832498,0.0,-12.025458192726653,0.7387815485947313
K9_lc1_ls1_sig0.05_seed1_pool12_p1_A10_sh128,9,1.0,1.0,0.05,1,12,1,10.0,128,0.6363636363636364,12.201320251086175,001111110111,1.25,0.2,9,5.508663168387212,17.70998341947339,0.0,-12.201320251086177,0.7342765195419666
K9_lc1_ls1_sig0.05_seed2_pool12_p1_A10_sh128,9,1.0,1.0,0.05,2,12,1,10.0,128,0.5,12.403898723268572,111011110011,0.2,0.2,9,5.50044950953351,17.90434823280208,0.0,-12.403898723268568,0.7290871005668933
K9_lc1_ls1_sig0.1_seed0_pool12_p1_A10_sh128,9,1.0,1.0,0.1,0,12,1,10.0,128,0.5,11.484817655744056,010101111111,0.2,0.2,9,5.443067983578981,16.927885639323037,0.0,-11.484817655744056,0.7526310471672414
K9_lc1_ls1_sig0.1_seed1_pool12_p1_A10_sh128,9,1.0,1.0,0.1,1,12,1,10.0,128,0.6363636363636364,11.806318068671011,001111110111,1.6,0.55,9,5.621599915355396,17.427917984026404,0.0,-11.806318068671008,0.7443952246468953
K9_lc1_ls1_sig0.1_seed2_pool12_p1_A10_sh128,9,1.0,1.0,0.1,2,12,1,10.0,128,0.5,12.20910591173429,111011110011,1.25,0.55,9,5.611937359686144,17.821043271420436,0.0,-12.20910591173429,0.7340770755701292
K9_lc1_ls2_sig0_seed0_pool12_p1_A10_sh128,9,1.0,2.0,0.0,0,12,1,10.0,128,1.0,12.6,101111111100,0.2,0.2,9,5.3999999999999995,18.0,0.0,-12.600000000000001,0.7240636068286743
K9_lc1_ls2_sig0_seed1_pool12_p1_A10_sh128,9,1.0,2.0,0.0,1,12,1,10.0,128,0.5,12.6,111110010111,0.2,0.2,9,5.3999999999999995,18.0,0.0,-12.600000000000001,0.7240636068286743
K9_lc1_ls2_sig0_seed2_pool12_p1_A10_sh128,9,1.0,2.0,0.0,2,12,1,10.0,128,0.6363636363636364,12.6,100110111111,0.2,0.2,9,5.3999999999999995,18.0,0.0,-12.600000000000001,0.7240636068286743
K9_lc1_ls2_sig0.05_seed0_pool12_p1_A10_sh128,9,1.0,2.0,0.05,0,12,1,10.0,128,0.5,12.025458192726655,010101111111,0.2,0.2,9,5.418870954105844,17.444329146832498,0.0,-12.025458192726653,0.7387815485947313
K9_lc1_ls2_sig0.05_seed1_pool12_p1_A10_sh128,9,1.0,2.0,0.05,1,12,1,10.0,128,0.6363636363636364,12.201320251086175,001111110111,1.25,0.2,9,5.508663168387212,17.70998341947339,0.0,-12.201320251086177,0.7342765195419666
K9_lc1_ls2_sig0.05_seed2_pool12_p1_A10_sh128,9,1.0,2.0,0.05,2,12,1,10.0,128,0.5,12.403898723268572,111011110011,0.2,0.2,9,5.50044950953351,17.90434823280208,0.0,-12.403898723268568,0.7290871005668933
K9_lc1_ls2_sig0.1_seed0_pool12_p1_A10_sh128,9,1.0,2.0,0.1,0,12,1,10.0,128,0.5,11.484817655744056,010101111111,0.2,0.2,9,5.443067983578981,16.927885639323037,0.0,-11.484817655744056,0.7526310471672414
K9_lc1_ls2_sig0.1_seed1_pool12_p1_A10_sh128,9,1.0,2.0,0.1,1,12,1,10.0,128,0.6363636363636364,11.806318068671011,001111110111,1.6,0.55,9,5.621599915355396,17.427917984026404,0.0,-11.806318068671008,0.7443952246468953
K9_lc1_ls2_sig0.1_seed2_pool12_p1_A10_sh128,9,1.0,2.0,0.1,2,12,1,10.0,128,0.5,12.20910591173429,111011110011,1.25,0.55,9,5.611937359686144,17.821043271420436,0.0,-12.20910591173429,0.7340770755701292
K9_lc2_ls0.5_sig0_seed0_pool12_p1_A10_sh128,9,2.0,0.5,0.0,0,12,1,10.0,128,0.6363636363636364,30.599999999999998,111110101110,0.2,0.2,9,5.3999999999999995,18.0,0.0,-30.6,0.26296060538428606
K9_lc2_ls0.5_sig0_seed1_pool12_p1_A10_sh128,9,2.0,0.5,0.0,1,12,1,10.0,128,0.5,30.599999999999998,011101110111,0.2,0.2,9,5.3999999999999995,18.0,0.0,-30.6,0.26296060538428606
K9_lc2_ls0.5_sig0_seed2_pool12_p1_A10_sh128,9,2.0,0.5,0.0,2,12,1,10.0,128,0.6363636363636364,30.599999999999998,101110101111,0.2,0.2,9,5.3999999999999995,18.0,0.0,-30.6,0.26296060538428606
K9_lc2_ls0.5_sig0.05_seed0_pool12_p1_A10_sh128,9,2.0,0.5,0.05,0,12,1,10.0,128,0.5,29.544349284814565,110001111111,0.2,0.2,9,5.440856958306161,17.49260312156036,0.0,-29.54434928481456,0.290003033898115
K9_lc2_ls0.5_sig0.05_seed1_pool12_p1_A10_sh128,9,2.0,0.5,0.05,1,12,1,10.0,128,0.6363636363636364,29.911303670559562,001111110111,0.9000000000000001,0.2,9,5.508663168387212,17.70998341947339,0.0,-29.911303670559565,0.2806028245281037
K9_lc2_ls0.5_sig0.05_seed2_pool12_p1_A10_sh128,9,2.0,0.5,0.05,2,12,1,10.0,128,0.5,30.265212529210793,011011111011,0.55,1.25,9,5.440744301845133,17.85297841552796,0.0,-30.26521252921079,0.2715368002524461
K9_lc2_ls0.5_sig0.1_seed0_pool12_p1_A10_sh128,9,2.0,0.5,0.1,0,12,1,10.0,128,0.5,28.412703295067093,010101111111,0.9000000000000001,0.55,9,5.443067983578981,16.927885639323037,0.0,-28.412703295067093,0.3189922207006185
K9_lc2_ls0.5_sig0.1_seed1_pool12_p1_A10_sh128,9,2.0,0.5,0.1,1,12,1,10.0,128,0.6363636363636364,29.234236052697415,001111110111,0.9000000000000001,0.55,9,5.621599915355396,17.427917984026404,0.0,-29.234236052697412,0.297947152904606
K9_lc2_ls0.5_sig0.1_seed2_pool12_p1_A10_sh128,9,2.0,0.5,0.1,2,12,1,10.0,128,0.5,30.01239091628418,110011111011,0.9000000000000001,0.55,9,5.514286929946554,17.763338923115366,0.0,-30.01239091628418,0.27801328939413894
K9_lc2_ls1_sig0_seed0_pool12_p1_A10_sh128,9,2.0,1.0,0.0,0,12,1,10.0,128,0.6363636363636364,30.599999999999998,111110101110,0.2,0.2,9,5.3999999999999995,18.0,0.0,-30.6,0.26296060538428606
K9_lc2_ls1_sig0_seed1_pool12_p1_A10_sh128,9,2.0,1.0,0.0,1,12,1,10.0,128,0.5,30.599999999999998,011101110111,0.2,0.2,9,5.3999999999999995,18.0,0.0,-30.6,0.26296060538428606
K9_lc2_ls1_sig0_seed2_pool12_p1_A10_sh128,9,2.0,1.0,0.0,2,12,1,10.0,128,0.6363636363636364,30.599999999999998,101110101111,0.2,0.2,9,5.3999999999999995,18.0,0.0,-30.6,0.26296060538428606
K9_lc2_ls1_sig0.05_seed0_pool12_p1_A10_sh128,9,2.0,1.0,0.05,0,12,1,10.0,128,0.5,29.544349284814565,110001111111,0.2,0.2,9,5.440856958306161,17.49260312156036,0.0,-29.54434928481456,0.290003033898115
K9_lc2_ls1_sig0.05_seed1_pool12_p1_A10_sh128,9,2.0,1.0,0.05,1,12,1,10.0,128,0.6363636363636364,29.911303670559562,001111110111,0.9000000000000001,0.2,9,5.508663168387212,17.70998341947339,0.0,-29.911303670559565,0.2806028245281037
K9_lc2_ls1_sig0.05_seed2_pool12_p1_A10_sh128,9,2.0,1.0,0.05,2,12,1,10.0,128,0.5,30.265212529210793,011011111011,0.55,1.25,9,5.440744301845133,17.85297841552796,0.0,-30.26521252921079,0.2715368002524461
K9_lc2_ls1_sig0.1_seed0_pool12_p1_A10_sh128,9,2.0,1.0,0.1,0,12,1,10.0,128,0.5,28.412703295067093,010101111111,0.9000000000000001,0.55,9,5.443067983578981,16.927885639323037,0.0,-28.412703295067093,0.3189922207006185
K9_lc2_ls1_sig0.1_seed1_pool12_p1_A10_sh128,9,2.0,1.0,0.1,1,12,1,10.0,128,0.6363636363636364,29.234236052697415,001111110111,0.9000000000000001,0.55,9,5.621599915355396,17.427917984026404,0.0,-29.234236052697412,0.297947152904606
K9_lc2_ls1_sig0.1_seed2_pool12_p1_A10_sh128,9,2.0,1.0,0.1,2,12,1,10.0,128,0.5,30.01239091628418,110011111011,0.9000000000000001,0.55,9,5.514286929946554,17.763338923115366,0.0,-30.01239091628418,0.27801328939413894
K9_lc2_ls2_sig0_seed0_pool12_p1_A10_sh128,9,2.0,2.0,0.0,0,12,1,10.0,128,0.6363636363636364,30.599999999999998,111110101110,0.2,0.2,9,5.3999999999999995,18.0,0.0,-30.6,0.26296060538428606
K9_lc2_ls2_sig0_seed1_pool12_p1_A10_sh128,9,2.0,2.0,0.0,1,12,1,10.0,128,0.5,30.599999999999998,011101110111,0.2,0.2,9,5.3999999999999995,18.0,0.0,-30.6,0.26296060538428606
K9_lc2_ls2_sig0_seed2_pool12_p1_A10_sh128,9,2.0,2.0,0.0,2,12,1,10.0,128,0.6363636363636364,30.599999999999998,101110101111,0.2,0.2,9,5.3999999999999995,18.0,0.0,-30.6,0.26296060538428606
K9_lc2_ls2_sig0.05_seed0_pool12_p1_A10_sh128,9,2.0,2.0,0.05,0,12,1,10.0,128,0.5,29.544349284814565,110001111111,0.2,0.2,9,5.440856958306161,17.49260312156036,0.0,-29.54434928481456,0.290003033898115
K9_lc2_ls2_sig0.05_seed1_pool12_p1_A10_sh128,9,2.0,2.0,0.05,1,12,1,10.0,128,0.6363636363636364,29.911303670559562,001111110111,0.9000000000000001,0.2,9,5.508663168387212,17.70998341947339,0.0,-29.911303670559565,0.2806028245281037
K9_lc2_ls2_sig0.05_seed2_pool12_p1_A10_sh128,9,2.0,2.0,0.05,2,12,1,10.0,128,0.5,30.265212529210793,011011111011,0.55,1.25,9,5.440744301845133,17.85297841552796,0.0,-30.26521252921079,0.2715368002524461
K9_lc2_ls2_sig0.1_seed0_pool12_p1_A10_sh128,9,2.0,2.0,0.1,0,12,1,10.0,128,0.5,28.412703295067093,010101111111,0.9000000000000001,0.55,9,5.443067983578981,16.927885639323037,0.0,-28.412703295067093,0.3189922207006185
K9_lc2_ls2_sig0.1_seed1_pool12_p1_A10_sh128,9,2.0,2.0,0.1,1,12,1,10.0,128,0.6363636363636364,29.234236052697415,001111110111,0.9000000000000001,0.55,9,5.621599915355396,17.427917984026404,0.0,-29.234236052697412,0.297947152904606
K9_lc2_ls2_sig0.1_seed2_pool12_p1_A10_sh128,9,2.0,2.0,0.1,2,12,1,10.0,128,0.5,30.01239091628418,110011111011,0.9000000000000001,0.55,9,5.514286929946554,17.763338923115366,0.0,-30.01239091628418,0.27801328939413894
K12_lc0.5_ls0.5_sig0_seed0_pool12_p1_A10_sh128,12,0.5,0.5,0.0,0,12,1,10.0,128,0.75,4.8,111111111111,0.2,0.2,12,7.199999999999998,24.0,0.0,-4.800000000000002,0.9238749074545759
K12_lc0.5_ls0.5_sig0_seed1_pool12_p1_A10_sh128,12,0.5,0.5,0.0,1,12,1,10.0,128,0.75,4.8,111111111111,0.2,0.55,12,7.199999999999998,24.0,0.0,-4.800000000000002,0.9238749074545759
K12_lc0.5_ls0.5_sig0_seed2_pool12_p1_A10_sh128,12,0.5,0.5,0.0,2,12,1,10.0,128,0.75,4.8,111111111111,0.2,0.55,12,7.199999999999998,24.0,0.0,-4.800000000000002,0.9238749074545759
K12_lc0.5_ls0.5_sig0.05_seed0_pool12_p1_A10_sh128,12,0.5,0.5,0.05,0,12,1,10.0,128,0.75,4.651693537200173,111111111111,0.2,0.2,12,7.2124213027767405,23.728229679953827,0.0,-4.651693537200173,0.9276740494062761
K12_lc0.5_ls0.5_sig0.05_seed1_pool12_p1_A10_sh128,12,0.5,0.5,0.05,1,12,1,10.0,128,0.75,4.715557949317654,111111111111,0.2,0.55,12,7.288295788217266,24.007707475069843,0.0,-4.715557949317655,0.9260380454000064
K12_lc0.5_ls0.5_sig0.05_seed2_pool12_p1_A10_sh128,12,0.5,0.5,0.05,2,12,1,10.0,128,0.75,4.78547531762929,111111111111,0.2,0.55,12,7.227730658530596,24.02641195231977,0.0,-4.785475317629289,0.9242469838232515
K12_lc0.5_ls0.5_sig0.1_seed0_pool12_p1_A10_sh128,12,0.5,0.5,0.1,0,12,1,10.0,128,0.75,4.522183316489365,111111111111,0.2,0.2,12,7.233837624245047,23.51204188146882,0.0,-4.522183316489364,0.9309916911555806
K12_lc0.5_ls0.5_sig0.1_seed1_pool12_p1_A10_sh128,12,0.5,0.5,0.1,1,12,1,10.0,128,0.75,4.636025255669506,111111111111,0.2,0.55,12,7.383714650631953,24.039479812602917,0.0,-4.636025255669505,0.9280754211641241
K12_lc0.5_ls0.5_sig0.1_seed2_pool12_p1_A10_sh128,12,0.5,0.5,0.1,2,12,1,10.0,128,0.75,4.760191567126682,111111111111,0.2,0.55,12,7.27479415906571,24.069971452384785,0.0,-4.760191567126682,0.9248946734479474
K12_lc0.5_ls1_sig0_seed0_pool12_p1_A10_sh128,12,0.5,1.0,0.0,0,12,1,10.0,128,0.75,4.8,111111111111,0.2,0.2,12,7.199999999999998,24.0,0.0,-4.800000000000002,0.9238749074545759
K12_lc0.5_ls1_sig0_seed1_pool12_p1_A10_sh128,12,0.5,1.0,0.0,1,12,1,10.0,128,0.75,4.8,111111111111,0.2,0.55,12,7.199999999999998,24.0,0.0,-4.800000000000002,0.9238749074545759
K12_lc0.5_ls1_sig0_seed2_pool12_p1_A10_sh128,12,0.5,1.0,0.0,2,12,1,10.0,128,0.75,4.8,111111111111,0.2,0.55,12,7.199999999999998,24.0,0.0,-4.800000000000002,0.9238749074545759
K12_lc0.5_ls1_sig0.05_seed0_pool12_p1_A10_sh128,12,0.5,1.0,0.05,0,12,1,10.0,128,0.75,4.651693537200173,111111111111,0.2,0.2,12,7.2124213027767405,23.728229679953827,0.0,-4.651693537200173,0.9276740494062761
K12_lc0.5_ls1_sig0.05_seed1_pool12_p1_A10_sh128,12,0.5,1.0,0.05,1,12,1,10.0,128,0.75,4.715557949317654,111111111111,0.2,0.55,12,7.288295788217266,24.007707475069843,0.0,-4.715557949317655,0.9260380454000064
K12_lc0.5_ls1_sig0.05_seed2_pool12_p1_A10_sh128,12,0.5,1.0,0.05,2,12,1,10.0,128,0.75,4.78547531762929,111111111111,0.2,0.55,12,7.227730658530596,24.02641195231977,0.0,-4.785475317629289,0.9242469838232515
K12_lc0.5_ls1_sig0.1_seed0_pool12_p1_A10_sh128,12,0.5,1.0,0.1,0,12,1,10.0,128,0.75,4.522183316489365,111111111111,0.2,0.2,12,7.233837624245047,23.51204188146882,0.0,-4.522183316489364,0.9309916911555806
K12_lc0.5_ls1_sig0.1_seed1_pool12_p1_A10_sh128,12,0.5,1.0,0.1,1,12,1,10.0,128,0.75,4.636025255669506,111111111111,0.2,0.55,12,7.383714650631953,24.039479812602917,0.0,-4.636025255669505,0.9280754211641241
K12_lc0.5_ls1_sig0.1_seed2_pool12_p1_A10_sh128,12,0.5,1.0,0.1,2,12,1,10.0,128,0.75,4.760191567126682,111111111111,0.2,0.55,12,7.27479415906571,24.069971452384785,0.0,-4.760191567126682,0.9248946734479474
K12_lc0.5_ls2_sig0_seed0_pool12_p1_A10_sh128,12,0.5,2.0,0.0,0,12,1,10.0,128,0.75,4.8,111111111111,0.2,0.2,12,7.199999999999998,24.0,0.0,-4.800000000000002,0.9238749074545759
K12_lc0.5_ls2_sig0_seed1_pool12_p1_A10_sh128,12,0.5,2.0,0.0,1,12,1,10.0,128,0.75,4.8,111111111111,0.2,0.55,12,7.199999999999998,24.0,0.0,-4.800000000000002,0.9238749074545759
K12_lc0.5_ls2_sig0_seed2_pool12_p1_A10_sh128,12,0.5,2.0,0.0,2,12,1,10.0,128,0.75,4.8,111111111111,0.2,0.55,12,7.199999999999998,24.0,0.0,-4.800000000000002,0.9238749074545759
K12_lc0.5_ls2_sig0.05_seed0_pool12_p1_A10_sh128,12,0.5,2.0,0.05,0,12,1,10.0,128,0.75,4.651693537200173,111111111111,0.2,0.2,12,7.2124213027767405,23.728229679953827,0.0,-4.651693537200173,0.9276740494062761
K12_lc0.5_ls2_sig0.05_seed1_pool12_p1_A10_sh128,12,0.5,2.0,0.05,1,12,1,10.0,128,0.75,4.715557949317654,111111111111,0.2,0.55,12,7.288295788217266,24.007707475069843,0.0,-4.715557949317655,0.9260380454000064
K12_lc0.5_ls2_sig0.05_seed2_pool12_p1_A10_sh128,12,0.5,2.0,0.05,2,12,1,10.0,128,0.75,4.78547531762929,111111111111,0.2,0.55,12,7.227730658530596,24.02641195231977,0.0,-4.785475317629289,0.9242469838232515
K12_lc0.5_ls2_sig0.1_seed0_pool12_p1_A10_sh128,12,0.5,2.0,0.1,0,12,1,10.0,128,0.75,4.522183316489365,111111111111,0.2,0.2,12,7.233837624245047,23.51204188146882,0.0,-4.522183316489364,0.9309916911555806
K12_lc0.5_ls2_sig0.1_seed1_pool12_p1_A10_sh128,12,0.5,2.0,0.1,1,12,1,10.0,128,0.75,4.636025255669506,111111111111,0.2,0.55,12,7.383714650631953,24.039479812602917,0.0,-4.636025255669505,0.9280754211641241
K12_lc0.5_ls2_sig0.1_seed2_pool12_p1_A10_sh128,12,0.5,2.0,0.1,2,12,1,10.0,128,0.75,4.760191567126682,111111111111,0.2,0.55,12,7.27479415906571,24.069971452384785,0.0,-4.760191567126682,0.9248946734479474
K12_lc1_ls0.5_sig0_seed0_pool12_p1_A10_sh128,12,1.0,0.5,0.0,0,12,1,10.0,128,0.75,16.8,111111111111,0.2,0.2,12,7.199999999999998,24.0,0.0,-16.8,0.6164729064916504
K12_lc1_ls0.5_sig0_seed1_pool12_p1_A10_sh128,12,1.0,0.5,0.0,1,12,1,10.0,128,0.75,16.8,111111111111,0.2,0.55,12,7.199999999999998,24.0,0.0,-16.8,0.6164729064916504
K12_lc1_ls0.5_sig0_seed2_pool12_p1_A10_sh128,12,1.0,0.5,0.0,2,12,1,10.0,128,0.75,16.8,111111111111,0.2,0.55,12,7.199999999999998,24.0,0.0,-16.8,0.6164729064916504
K12_lc1_ls0.5_sig0.05_seed0_pool12_p1_A10_sh128,12,1.0,0.5,0.05,0,12,1,10.0,128,0.75,16.515808377177088,111111111111,0.2,0.2,12,7.2124213027767405,23.728229679953827,0.0,-16.515808377177088,0.6237529959510392
K12_lc1_ls0.5_sig0.05_seed1_pool12_p1_A10_sh128,12,1.0,0.5,0.05,1,12,1,10.0,128,0.75,16.719411686852574,111111111111,0.2,0.55,12,7.288295788217266,24.007707475069843,0.0,-16.719411686852578,0.6185373238846291
K12_lc1_ls0.5_sig0.05_seed2_pool12_p1_A10_sh128,12,1.0,0.5,0.05,2,12,1,10.0,128,0.75,16.798681293789176,111111111111,0.2,0.55,12,7.227730658530596,24.02641195231977,0.0,-16.798681293789173,0.6165066875689746
K12_lc1_ls0.5_sig0.1_seed0_pool12_p1_A10_sh128,12,1.0,0.5,0.1,0,12,1,10.0,128,0.75,16.278204257223774,111111111111,0.2,0.2,12,7.233837624245047,23.51204188146882,0.0,-16.278204257223774,0.6298396611102628
K12_lc1_ls0.5_sig0.1_seed1_pool12_p1_A10_sh128,12,1.0,0.5,0.1,1,12,1,10.0,128,0.75,16.65576516197096,111111111111,0.2,0.55,12,7.383714650631953,24.039479812602917,0.0,-16.65576516197096,0.6201677463098746
K12_lc1_ls0.5_sig0.1_seed2_pool12_p1_A10_sh128,12,1.0,0.5,0.1,2,12,1,10.0,128,0.75,16.795177293319075,111111111111,0.2,0.55,12,7.27479415906571,24.069971452384785,0.0,-16.795177293319075,0.6165964489652983
K12_lc1_ls1_sig0_seed0_pool12_p1_A10_sh128,12,1.0,1.0,0.0,0,12,1,10.0,128,0.75,16.8,111111111111,0.2,0.2,12,7.199999999999998,24.0,0.0,-16.8,0.6164729064916504
K12_lc1_ls1_sig0_seed1_pool12_p1_A10_sh128,12,1.0,1.0,0.0,1,12,1,10.0,128,0.75,16.8,111111111111,0.2,0.55,12,7.199999999999998,24.0,0.0,-16.8,0.6164729064916504
K12_lc1_ls1_sig0_seed2_pool12_p1_A10_sh128,12,1.0,1.0,0.0,2,12,1,10.0,128,0.75,16.8,111111111111,0.2,0.55,12,7.199999999999998,24.0,0.0,-16.8,0.6164729064916504
K12_lc1_ls1_sig0.05_seed0_pool12_p1_A10_sh128,12,1.0,1.0,0.05,0,12,1,10.0,128,0.75,16.515808377177088,111111111111,0.2,0.2,12,7.2124213027767405,23.728229679953827,0.0,-16.515808377177088,0.6237529959510392
K12_lc1_ls1_sig0.05_seed1_pool12_p1_A10_sh128,12,1.0,1.0,0.05,1,12,1,10.0,128,0.75,16.719411686852574,111111111111,0.2,0.55,12,7.288295788217266,24.007707475069843,0.0,-16.719411686852578,0.6185373238846291
K12_lc1_ls1_sig0.05_seed2_pool12_p1_A10_sh128,12,1.0,1.0,0.05,2,12,1,10.0,128,0.75,16.798681293789176,111111111111,0.2,0.55,12,7.227730658530596,24.02641195231977,0.0,-16.798681293789173,0.6165066875689746
K12_lc1_ls1_sig0.1_seed0_pool12_p1_A10_sh128,12,1.0,1.0,0.1,0,12,1,10.0,128,0.75,16.278204257223774,111111111111,0.2,0.2,12,7.233837624245047,23.51204188146882,0.0,-16.278204257223774,0.6298396611102628
K12_lc1_ls1_sig0.1_seed1_pool12_p1_A10_sh128,12,1.0,1.0,0.1,1,12,1,10.0,128,0.75,16.65576516197096,111111111111,0.2,0.55,12,7.383714650631953,24.039479812602917,0.0,-16.65576516197096,0.6201677463098746
K12_lc1_ls1_sig0.1_seed2_pool12_p1_A10_sh128,12,1.0,1.0,0.1,2,12,1,10.0,128,0.75,16.795177293319075,111111111111,0.2,0.55,12,7.27479415906571,24.069971452384785,0.0,-16.795177293319075,0.6165964489652983
K12_lc1_ls2_sig0_seed0_pool12_p1_A10_sh128,12,1.0,2.0,0.0,0,12,1,10.0,128,0.75,16.8,111111111111,0.2,0.2,12,7.199999999999998,24.0,0.0,-16.8,0.6164729064916504
K12_lc1_ls2_sig0_seed1_pool12_p1_A10_sh128,12,1.0,2.0,0.0,1,12,1,10.0,128,0.75,16.8,111111111111,0.2,0.55,12,7.199999999999998,24.0,0.0,-16.8,0.6164729064916504
K12_lc1_ls2_sig0_seed2_pool12_p1_A10_sh128,12,1.0,2.0,0.0,2,12,1,10.0,128,0.75,16.8,111111111111,0.2,0.55,12,7.199999999999998,24.0,0.0,-16.8,0.6164729064916504
K12_lc1_ls2_sig0.05_seed0_pool12_p1_A10_sh128,12,1.0,2.0,0.05,0,12,1,10.0,128,0.75,16.515808377177088,111111111111,0.2,0.2,12,7.2124213027767405,23.728229679953827,0.0,-16.515808377177088,0.6237529959510392
K12_lc1_ls2_sig0.05_seed1_pool12_p1_A10_sh128,12,1.0,2.0,0.05,1,12,1,10.0,128,0.75,16.719411686852574,111111111111,0.2,0.55,12,7.288295788217266,24.007707475069843,0.0,-16.719411686852578,0.6185373238846291
K12_lc1_ls2_sig0.05_seed2_pool12_p1_A10_sh128,12,1.0,2.0,0.05,2,12,1,10.0,128,0.75,16.798681293789176,111111111111,0.2,0.55,12,7.227730658530596,24.02641195231977,0.0,-16.798681293789173,0.6165066875689746
K12_lc1_ls2_sig0.1_seed0_pool12_p1_A10_sh128,12,1.0,2.0,0.1,0,12,1,10.0,128,0.75,16.278204257223774,111111111111,0.2,0.2,12,7.233837624245047,23.51204188146882,0.0,-16.278204257223774,0.6298396611102628
K12_lc1_ls2_sig0.1_seed1_pool12_p1_A10_sh128,12,1.0,2.0,0.1,1,12,1,10.0,128,0.75,16.65576516197096,111111111111,0.2,0.55,12,7.383714650631953,24.039479812602917,0.0,-16.65576516197096,0.6201677463098746
K12_lc1_ls2_sig0.1_seed2_pool12_p1_A10_sh128,12,1.0,2.0,0.1,2,12,1,10.0,128,0.75,16.795177293319075,111111111111,0.2,0.55,12,7.27479415906571,24.069971452384785,0.0,-16.795177293319075,0.6165964489652983
K12_lc2_ls0.5_sig0_seed0_pool12_p1_A10_sh128,12,2.0,0.5,0.0,0,12,1,10.0,128,0.75,40.8,111111111111,0.2,0.2,12,7.199999999999998,24.0,0.0,-40.800000000000004,0.00166890456579924
K12_lc2_ls0.5_sig0_seed1_pool12_p1_A10_sh128,12,2.0,0.5,0.0,1,12,1,10.0,128,0.75,40.8,111111111111,0.2,0.55,12,7.199999999999998,24.0,0.0,-40.800000000000004,0.00166890456579924
K12_lc2_ls0.5_sig0_seed2_pool12_p1_A10_sh128,12,2.0,0.5,0.0,2,12,1,10.0,128,0.75,40.8,111111111111,0.2,0.55,12,7.199999999999998,24.0,0.0,-40.800000000000004,0.00166890456579924
K12_lc2_ls0.5_sig0.05_seed0_pool12_p1_A10_sh128,12,2.0,0.5,0.05,0,12,1,10.0,128,0.75,40.244038057130915,111111111111,0.2,0.2,12,7.2124213027767405,23.728229679953827,0.0,-40.244038057130915,0.01591088904056539
K12_lc2_ls0.5_sig0.05_seed1_pool12_p1_A10_sh128,12,2.0,0.5,0.05,1,12,1,10.0,128,0.75,40.72711916192242,111111111111,0.2,0.55,12,7.288295788217266,24.007707475069843,0.0,-40.72711916192242,0.003535880853874685
K12_lc2_ls0.5_sig0.05_seed2_pool12_p1_A10_sh128,12,2.0,0.5,0.05,2,12,1,10.0,128,0.75,40.82509324610895,111111111111,0.2,0.55,12,7.227730658530596,24.02641195231977,0.0,-40.82509324610894,0.0010260950604206902
K12_lc2_ls0.5_sig0.1_seed0_pool12_p1_A10_sh128,12,2.0,0.5,0.1,0,12,1,10.0,128,0.75,39.790246138692595,111111111111,0.2,0.2,12,7.233837624245047,23.51204188146882,0.0,-39.790246138692595,0.02753560101962741
K12_lc2_ls0.5_sig0.1_seed1_pool12_p1_A10_sh128,12,2.0,0.5,0.1,1,12,1,10.0,128,0.75,40.69524497457388,111111111111,0.2,0.55,12,7.383714650631953,24.039479812602917,0.0,-40.69524497457388,0.004352396601375256
K12_lc2_ls0.5_sig0.1_seed2_pool12_p1_A10_sh128,12,2.0,0.5,0.1,2,12,1,10.0,128,0.75,40.865148745703856,111111111111,0.2,0.55,12,7.27479415906571,24.069971452384785,0.0,-40.86514874570386,0.0
K12_lc2_ls1_sig0_seed0_pool12_p1_A10_sh128,12,2.0,1.0,0.0,0,12,1,10.0,128,0.75,40.8,111111111111,0.2,0.2,12,7.199999999999998,24.0,0.0,-40.800000000000004,0.00166890456579924
K12_lc2_ls1_sig0_seed1_pool12_p1_A10_sh128,12,2.0,1.0,0.0,1,12,1,10.0,128,0.75,40.8,111111111111,0.2,0.55,12,7.199999999999998,24.0,0.0,-40.800000000000004,0.00166890456579924
K12_lc2_ls1_sig0_seed2_pool12_p1_A10_sh128,12,2.0,1.0,0.0,2,12,1,10.0,128,0.75,40.8,111111111111,0.2,0.55,12,7.199999999999998,24.0,0.0,-40.800000000000004,0.00166890456579924
K12_lc2_ls1_sig0.05_seed0_pool12_p1_A10_sh128,12,2.0,1.0,0.05,0,12,1,10.0,128,0.75,40.244038057130915,111111111111,0.2,0.2,12,7.2124213027767405,23.728229679953827,0.0,-40.244038057130915,0.01591088904056539
K12_lc2_ls1_sig0.05_seed1_pool12_p1_A10_sh128,12,2.0,1.0,0.05,1,12,1,10.0,128,0.75,40.72711916192242,111111111111,0.2,0.55,12,7.288295788217266,24.007707475069843,0.0,-40.72711916192242,0.003535880853874685
K12_lc2_ls1_sig0.05_seed2_pool12_p1_A10_sh128,12,2.0,1.0,0.05,2,12,1,10.0,128,0.75,40.82509324610895,111111111111,0.2,0.55,12,7.227730658530596,24.02641195231977,0.0,-40.82509324610894,0.0010260950604206902
K12_lc2_ls1_sig0.1_seed0_pool12_p1_A10_sh128,12,2.0,1.0,0.1,0,12,1,10.0,128,0.75,39.790246138692595,111111111111,0.2,0.2,12,7.233837624245047,23.51204188146882,0.0,-39.790246138692595,0.02753560101962741
K12_lc2_ls1_sig0.1_seed1_pool12_p1_A10_sh128,12,2.0,1.0,0.1,1,12,1,10.0,128,0.75,40.69524497457388,111111111111,0.2,0.55,12,7.383714650631953,24.039479812602917,0.0,-40.69524497457388,0.004352396601375256
K12_lc2_ls1_sig0.1_seed2_pool12_p1_A10_sh128,12,2.0,1.0,0.1,2,12,1,10.0,128,0.75,40.865148745703856,111111111111,0.2,0.55,12,7.27479415906571,24.069971452384785,0.0,-40.86514874570386,0.0
K12_lc2_ls2_sig0_seed0_pool12_p1_A10_sh128,12,2.0,2.0,0.0,0,12,1,10.0,128,0.75,40.8,111111111111,0.2,0.2,12,7.199999999999998,24.0,0.0,-40.800000000000004,0.00166890456579924
K12_lc2_ls2_sig0_seed1_pool12_p1_A10_sh128,12,2.0,2.0,0.0,1,12,1,10.0,128,0.75,40.8,111111111111,0.2,0.55,12,7.199999999999998,24.0,0.0,-40.800000000000004,0.00166890456579924
K12_lc2_ls2_sig0_seed2_pool12_p1_A10_sh128,12,2.0,2.0,0.0,2,12,1,10.0,128,0.75,40.8,111111111111,0.2,0.55,12,7.199999999999998,24.0,0.0,-40.800000000000004,0.00166890456579924
K12_lc2_ls2_sig0.05_seed0_pool12_p1_A10_sh128,12,2.0,2.0,0.05,0,12,1,10.0,128,0.75,40.244038057130915,111111111111,0.2,0.2,12,7.2124213027767405,23.728229679953827,0.0,-40.244038057130915,0.01591088904056539
K12_lc2_ls2_sig0.05_seed1_pool12_p1_A10_sh128,12,2.0,2.0,0.05,1,12,1,10.0,128,0.75,40.72711916192242,111111111111,0.2,0.55,12,7.288295788217266,24.007707475069843,0.0,-40.72711916192242,0.003535880853874685
K12_lc2_ls2_sig0.05_seed2_pool12_p1_A10_sh128,12,2.0,2.0,0.05,2,12,1,10.0,128,0.75,40.82509324610895,111111111111,0.2,0.55,12,7.227730658530596,24.02641195231977,0.0,-40.82509324610894,0.0010260950604206902
K12_lc2_ls2_sig0.1_seed0_pool12_p1_A10_sh128,12,2.0,2.0,0.1,0,12,1,10.0,128,0.75,39.790246138692595,111111111111,0.2,0.2,12,7.233837624245047,23.51204188146882,0.0,-39.790246138692595,0.02753560101962741
K12_lc2_ls2_sig0.1_seed1_pool12_p1_A10_sh128,12,2.0,2.0,0.1,1,12,1,10.0,128,0.75,40.69524497457388,111111111111,0.2,0.55,12,7.383714650631953,24.039479812602917,0.0,-40.69524497457388,0.004352396601375256
K12_lc2_ls2_sig0.1_seed2_pool12_p1_A10_sh128,12,2.0,2.0,0.1,2,12,1,10.0,128,0.75,40.865148745703856,111111111111,0.2,0.55,12,7.27479415906571,24.069971452384785,0.0,-40.86514874570386,0.0
