K,lambda_cost,lambda_safety,noise_sigma,score_mean,score_std,stability_jaccard_mean,stability_jaccard_std,n_runs
9,0.5,0.5,0.0,0.0,0.0,1.0,0.0,3
9,0.5,1.0,0.0,0.0,0.0,1.0,0.0,3
9,0.5,2.0,0.0,0.0,0.0,1.0,0.0,3
9,1.0,0.5,0.0,9.0,0.0,1.0,0.0,3
9,1.0,1.0,0.0,9.0,0.0,1.0,0.0,3
9,1.0,2.0,0.0,9.0,0.0,1.0,0.0,3
9,2.0,0.5,0.0,27.0,0.0,1.0,0.0,3
9,2.0,1.0,0.0,27.0,0.0,1.0,0.0,3
9,2.0,2.0,0.0,27.0,0.0,1.0,0.0,3
12,0.5,0.5,0.0,0.0,0.0,0.75,0.0,3
12,0.5,1.0,0.0,0.0,0.0,0.75,0.0,3
12,0.5,2.0,0.0,0.0,0.0,0.75,0.0,3
12,1.0,0.5,0.0,12.0,0.0,0.75,0.0,3
12,1.0,1.0,0.0,12.0,0.0,0.75,0.0,3
12,1.0,2.0,0.0,12.0,0.0,0.75,0.0,3
12,2.0,0.5,0.0,36.0,0.0,0.75,0.0,3
12,2.0,1.0,0.0,36.0,0.0,0.75,0.0,3
12,2.0,2.0,0.0,36.0,0.0,0.75,0.0,3
6,0.5,0.5,0.0,0.0,0.0,0.6666666666666666,0.0,3
6,0.5,1.0,0.0,0.0,0.0,0.6666666666666666,0.0,3
6,0.5,2.0,0.0,0.0,0.0,0.6666666666666666,0.0,3
6,1.0,0.5,0.0,6.0,0.0,0.6666666666666666,0.0,3
6,1.0,1.0,0.0,6.0,0.0,0.6666666666666666,0.0,3
6,1.0,2.0,0.0,6.0,0.0,0.6666666666666666,0.0,3
6,2.0,0.5,0.0,18.0,0.0,0.6666666666666666,0.0,3
6,2.0,1.0,0.0,18.0,0.0,0.6666666666666666,0.0,3
6,2.0,2.0,0.0,18.0,0.0,0.6666666666666666,0.0,3
12,0.5,1.0,0.1,-2.7293039977269413e-09,1.7029204340030425e-10,0.14860681114551083,0.06129718227004127,3
12,0.5,1.0,0.05,-1.3646519618560366e-09,8.514581772193367e-11,0.14860681114551083,0.06129718227004127,3
12,1.0,2.0,0.1,11.999999995566162,1.4686371375976998e-10,0.14860681114551083,0.06129718227004127,3
12,1.0,2.0,0.05,11.99999999778308,7.343151916071402e-11,0.14860681114551083,0.06129718227004127,3
12,2.0,0.5,0.1,35.9999999959048,2.7323947926622725e-10,0.14619883040935672,0.02894589162751949,3
12,2.0,0.5,0.05,35.99999999795241,1.3662231284087214e-10,0.14619883040935672,0.02894589162751949,3
9,0.5,2.0,0.1,-3.4216213338104227e-09,9.102473069030522e-11,0.12794117647058825,0.05767256338566935,3
9,0.5,2.0,0.05,-1.7108107224163626e-09,4.551270167032792e-11,0.12794117647058825,0.05767256338566935,3
9,1.0,0.5,0.1,8.999999997690244,2.213894688484536e-10,0.12794117647058825,0.05767256338566935,3
9,1.0,0.5,0.05,8.999999998845121,1.1069456209931455e-10,0.12794117647058825,0.05767256338566935,3
12,1.0,0.5,0.1,11.999999997246945,2.182965502879005e-10,0.12777777777777777,0.054997194092287024,3
12,1.0,0.5,0.05,11.999999998623473,1.091482055715364e-10,0.12777777777777777,0.054997194092287024,3
12,2.0,1.0,0.1,35.999999995533045,3.351469074068895e-10,0.12777777777777777,0.054997194092287024,3
12,2.0,1.0,0.05,35.999999997766515,1.6757561406716235e-10,0.12777777777777777,0.054997194092287024,3
12,1.0,1.0,0.1,11.999999996773836,2.2315475128644198e-10,0.12573099415204678,0.02894589162751949,3
12,1.0,1.0,0.05,11.999999998386917,1.1157813789769292e-10,0.12573099415204678,0.02894589162751949,3
9,2.0,2.0,0.1,26.999999995448672,3.0900044476355377e-10,0.10833333333333334,0.08249579113843056,3
9,2.0,1.0,0.1,26.999999996271214,2.9521327681964713e-10,0.10833333333333334,0.08249579113843056,3
9,2.0,0.5,0.1,26.99999999656246,2.3112902627461404e-10,0.10833333333333334,0.08249579113843056,3
9,2.0,2.0,0.05,26.999999997724334,1.544997721438749e-10,0.10833333333333334,0.08249579113843056,3
9,2.0,1.0,0.05,26.99999999813561,1.476080200913057e-10,0.10833333333333334,0.08249579113843056,3
9,2.0,0.5,0.05,26.99999999828123,1.15564564934135e-10,0.10833333333333334,0.08249579113843056,3
12,0.5,2.0,0.1,-4.134211776796814e-09,1.0392764582942937e-10,0.10730994152046781,0.04765095151330977,3
12,0.5,2.0,0.05,-2.067105925405841e-09,5.1963954236013947e-11,0.10730994152046781,0.04765095151330977,3
12,2.0,2.0,0.1,35.99999999453075,3.618922214673893e-10,0.10730994152046781,0.04765095151330977,3
12,2.0,2.0,0.05,35.99999999726537,1.8094731289905328e-10,0.10730994152046781,0.04765095151330977,3
12,0.5,0.5,0.1,-2.21353083141042e-09,1.8414812591280068e-10,0.10526315789473684,0.0,3
12,0.5,0.5,0.05,-1.1067652676754735e-09,9.207385132551593e-11,0.10526315789473684,0.0,3
9,0.5,1.0,0.1,-2.2972373556460662e-09,1.4363070295055155e-10,0.10294117647058824,0.031195887405288864,3
9,0.5,0.5,0.1,-1.8443761780736324e-09,1.696300370041442e-10,0.10294117647058824,0.031195887405288864,3
9,0.5,1.0,0.05,-1.1486185482970136e-09,7.181510256271958e-11,0.10294117647058824,0.031195887405288864,3
9,0.5,0.5,0.05,-9.221879595107967e-10,8.481488818101237e-11,0.10294117647058824,0.031195887405288864,3
9,1.0,1.0,0.1,8.999999997320906,2.2305914546090227e-10,0.10294117647058824,0.031195887405288864,3
9,1.0,1.0,0.05,8.999999998660451,1.1152904603716512e-10,0.10294117647058824,0.031195887405288864,3
6,0.5,2.0,0.1,-2.6080709729054765e-09,7.444553828635467e-11,0.10256410256410257,0.0725237724293895,3
6,0.5,1.0,0.1,-1.742428804423561e-09,1.1356114512356035e-10,0.10256410256410257,0.0725237724293895,3
6,0.5,0.5,0.1,-1.384692957219694e-09,1.645982448765998e-10,0.10256410256410257,0.0725237724293895,3
6,0.5,2.0,0.05,-1.3040353014155675e-09,3.7223011842447376e-11,0.10256410256410257,0.0725237724293895,3
6,0.5,1.0,0.05,-8.71214272685761e-10,5.678049920319265e-11,0.10256410256410257,0.0725237724293895,3
6,0.5,0.5,0.05,-6.923463490838275e-10,8.229897836512177e-11,0.10256410256410257,0.0725237724293895,3
6,1.0,2.0,0.1,5.999999997159169,7.727174561822277e-11,0.10256410256410257,0.0725237724293895,3
6,1.0,1.0,0.1,5.999999997974942,1.977488321025999e-10,0.10256410256410257,0.0725237724293895,3
6,1.0,0.5,0.1,5.999999998275851,1.886577467772783e-10,0.10256410256410257,0.0725237724293895,3
6,1.0,2.0,0.05,5.999999998579585,3.8635461364560085e-11,0.10256410256410257,0.0725237724293895,3
6,1.0,1.0,0.05,5.99999999898747,9.887399882763388e-11,0.10256410256410257,0.0725237724293895,3
6,1.0,0.5,0.05,5.999999999137927,9.432845951340515e-11,0.10256410256410257,0.0725237724293895,3
6,2.0,2.0,0.1,17.99999999651515,2.431040797527119e-10,0.10256410256410257,0.0725237724293895,3
6,2.0,1.0,0.1,17.999999997179476,2.6501581659841445e-10,0.10256410256410257,0.0725237724293895,3
6,2.0,0.5,0.1,17.999999997403915,2.040804457998808e-10,0.10256410256410257,0.0725237724293895,3
6,2.0,2.0,0.05,17.999999998257575,1.2154972427001515e-10,0.10256410256410257,0.0725237724293895,3
6,2.0,1.0,0.05,17.99999999858974,1.3250784339221631e-10,0.10256410256410257,0.0725237724293895,3
6,2.0,0.5,0.05,17.999999998701956,1.0203966991877254e-10,0.10256410256410257,0.0725237724293895,3
9,1.0,2.0,0.1,8.999999996298882,1.2316726269187106e-10,0.08333333333333333,0.05892556509887896,3
9,1.0,2.0,0.05,8.999999998149441,6.15836983443108e-11,0.08333333333333333,0.05892556509887896,3
